"id","extralabel","name","latitude","longitude","country"
"BE1217","TrainTechnicalServices","Lijn 4-Stopmerkborden 249x(NL)","51.477972","4.730666","Belgium"
"BE1682","Switch","Lijn 10-Rooster C/D","51.241808","4.215357","Belgium"
"BE1696","Switch","Lijn 10-Rooster G/H","51.243169","4.235729","Belgium"
"BE1818","Switch","Lijn 10-Seinen KL/LL","51.262359","4.26978","Belgium"
"BE1902","Switch","Lijn 50C-Seinen BY135/AY135","50.847839","4.187972","Belgium"
"BE1903","Switch","Lijn 50C-Seinen BY82/AY82","50.825287","4.239034","Belgium"
"BE2012","TrainTechnicalServices","Lijn 207-Seinen AWL207","51.168042","4.826767","Belgium"
"BE2130","Switch","Lijn 50A-Seinen BX82/A84","50.82616","4.236924","Belgium"
"BE2131","Switch","Lijn 50A-Seinen B135/A148","50.856583","4.168618","Belgium"
"BE2132","Switch","Lijn 50A-Seinen 292","50.927519","3.983669","Belgium"
"BE2133","Switch","Lijn 50A-Seinen 342","50.955366","3.897682","Belgium"
"BE2134","Switch","Lijn 50A-Seinen 394","50.970733","3.854077","Belgium"
"BE2135","Switch","Lijn 50A-Seinen 467","51.008208","3.773216","Belgium"
"BE2136","Switch","Lijn 50A-Seinen 203","50.88814","4.096512","Belgium"
"BEAET","SmallStation","Antwerpen-W.H.-A.E.T.","51.269438","4.205017","Belgium"
"BEAIG","Switch","Aigremont-Block 8.7","50.587809","5.425317","Belgium"
"BEALSKA","SmallStation","Antwerpen-D.S.-Alaska","51.250057","4.37464","Belgium"
"BEAMZD","SmallStation","Antwerpen-D.S.-Amerika-Zuid","51.243019","4.393759","Belgium"
"BEAND","PassengerStop","Antwerpen-Noorderdokken","51.261653","4.42786","Belgium"
"BEANDL","PassengerStop","Anderlecht | Anderlecht","50.817899","4.291845","Belgium"
"BEANGOL","SmallStation","Antwerpen-D.S.-Angola","51.272332","4.365991","Belgium"
"BEANS","Station","Ans","50.661214","5.509703","Belgium"
"BEANSPL","Switch","Ans-Plans","50.655409","5.529738","Belgium"
"BEARC","PassengerStop","Archennes","50.754337","4.662366","Belgium"
"BEATH","Station","Ath","50.6271","3.776406","Belgium"
"BEAYE","PassengerStop","Aye","50.224872","5.300689","Belgium"
"BEBA824","SmallStation","Braine-Alliance-CDS824","50.663889","4.372611","Belgium"
"BEBAM","PassengerStop","Bambrugge","50.913903","3.935661","Belgium"
"BEBASF","SmallStation","Antwerpen-D.S.-BASF","51.372865","4.272676","Belgium"
"BEBEEZ","Switch","Beez","50.47167","4.92499","Belgium"
"BEBEI","PassengerStop","Beignée","50.333239","4.406797","Belgium"
"BEBELBA","SmallStation","Antwerpen-D.S.-Belgische Basis","51.261965","4.40252","Belgium"
"BEBERDR","SmallStation","Antwerpen-D.S.-Berendrecht","51.318003","4.335301","Belgium"
"BEBGWV","PassengerStop","Basse-Wavre","50.724184","4.621178","Belgium"
"BEBLE","PassengerStop","Bleret","50.685161","5.28599","Belgium"
"BEBOKBH","Switch","Boksbergheide","50.964562","5.458209","Belgium"
"BEBOL","PassengerStop","Boondael | Boondaal","50.801975","4.393523","Belgium"
"BEBOR","PassengerStop","Bordet | Bordet","50.877782","4.409992","Belgium"
"BEBOTZ","Switch","Botzelaer","50.747251","6.010401","Belgium"
"BEBPEL","SmallStation","Zeebrugge-Bundel Pelikaan","51.293468","3.227731","Belgium"
"BEBRAM","SmallStation","Zeebrugge-Bundel Ramskapelle","51.30867","3.244147","Belgium"
"BEBUDA","PassengerStop","Buda","50.908281","4.417053","Belgium"
"BEBUZET","Switch","Buzet","50.555216","4.357379","Belgium"
"BEBVRST","Switch","Beverst","50.881084","5.50654","Belgium"
"BEBZWDM","SmallStation","Zeebrugge-Bundel Zwankendamme","51.306111","3.191463","Belgium"
"BECAD","PassengerStop","Chapelle-Dieu","50.557902","4.698662","Belgium"
"BECHAP","PassengerStop","Chapois","50.262372","5.124278","Belgium"
"BECHAS","PassengerStop","Château-de-Seilles","50.49721","5.081753","Belgium"
"BECHE","SmallStation","Chertal","50.685447","5.656972","Belgium"
"BECND","SmallStation","Antwerpen-W.H.-B.Canada","51.245617","4.331282","Belgium"
"BECOMBI","SmallStation","Antwerpen-D.S.-Combinant","51.371613","4.288112","Belgium"
"BECOO","PassengerStop","Coo","50.391311","5.880883","Belgium"
"BECRQLN","Switch","Criquelion-Faisceau","50.459516","3.837335","Belgium"
"BEDARSE","SmallStation","Gent-Zeehaven-Darsen","51.084356","3.744594","Belgium"
"BEDBIST","Switch","De Bist","51.146339","4.600142","Belgium"
"BEDSPA1","SmallStation","Antwerpen-Noord-Doodsporen A1","51.290064","4.403804","Belgium"
"BEDSTIB","Switch","Racc.Delta-STIB | Verb.Delta-MIVB","50.818197","4.403542","Belgium"
"BEFAD","PassengerStop","Schoonaarde","51.003116","4.011276","Belgium"
"BEFAK","SmallStation","Alken","50.886419","5.29173","Belgium"
"BEFAN","SmallStation","Anzegem","50.826208","3.495469","Belgium"
"BEFAO","PassengerStop","Aiseau","50.429545","4.584378","Belgium"
"BEFAP","PassengerStop","Papignies","50.687817","3.823797","Belgium"
"BEFAR","PassengerStop","Aarsele","50.984458","3.418361","Belgium"
"BEFARWE","SmallStation","Antwerpen-D.S.-Far-West","51.256088","4.417441","Belgium"
"BEFAT","PassengerStop","Haacht","50.966238","4.613314","Belgium"
"BEFATWS","SmallStation","Haacht-Wijkspoor","50.964298","4.621733","Belgium"
"BEFAZA","Switch","Salzinnes-A.C.","50.466045","4.839569","Belgium"
"BEFBA","Station","Braine-Alliance","50.669416","4.373397","Belgium"
"BEFBAC","Switch","Braine-Alliance-Gril C","50.664822","4.372629","Belgium"
"BEFBC","Station","Braine-le-Comte","50.605075","4.137658","Belgium"
"BEFBCK","PassengerStop","Bruxelles-Chapelle | Brussel-Kapellekerk","50.841131","4.347869","Belgium"
"BEFBCL","Station","Bruxelles-Central | Brussel-Centraal","50.845175","4.357131","Belgium"
"BEFBCM","SmallStation","Cureghem-Cul de Sac | Kuregem-Doodspoor","50.83406","4.32118","Belgium"
"BEFBCO","PassengerStop","Bruxelles-Congrès | Brussel-Congres","50.851671","4.362634","Belgium"
"BEFBD","Station","Braine-l'Alleud","50.684778","4.375525","Belgium"
"BEFBG","SmallStation","Brugelette","50.594131","3.85305","Belgium"
"BEFBK","Station","Blankenberge","51.312431","3.133862","Belgium"
"BEFBKI","Switch","Bruxelles-Petite-Ile | Brussel-Klein-Eiland","50.823612","4.318709","Belgium"
"BEFBKIC","TrainTechnicalServices","Bruxelles-Petite-Ile-Carwash | Brussel-Klein-Eiland-Carwash","50.822995","4.318613","Belgium"
"BEFBKIF","SmallStation","Bruxelles-Petite-Ile-Faisc.F | Brussel-Klein-Eiland-Bundel F","50.828128","4.321945","Belgium"
"BEFBL","PassengerStop","Bockstael | Bockstael","50.879428","4.348507","Belgium"
"BEFBMA","TrainTechnicalServices","Bruxelles-Midi-A.T.-TGV | Brussel-Zuid-T.W.-HST","50.817486","4.314205","Belgium"
"BEFBMZ","Station","Bruxelles-Midi | Brussel-Zuid","50.836782","4.336922","Belgium"
"BEFBN","Station","Bruxelles-Nord | Brussel-Noord","50.859658","4.360854","Belgium"
"BEFBNL","Station","Brussels Airport - Zaventem","50.896821","4.48549","Belgium"
"BEFBOW","SmallStation","Bruxelles-Ouest | Brussel-West","50.851898","4.322409","Belgium"
"BEFBR","PassengerStop","Beveren(Waas)","51.20845","4.26052","Belgium"
"BEFBRG","PassengerStop","Bierges-Walibi","50.707772","4.594753","Belgium"
"BEFBSG","PassengerStop","Berchem-Sainte-Agathe | Sint-Agatha-Berchem","50.872831","4.290961","Belgium"
"BEFBSM","Station","Bruxelles-Schuman | Brussel-Schuman","50.842851","4.380022","Belgium"
"BEFBX","Station","Bressoux","50.644473","5.612496","Belgium"
"BEFC","PassengerStop","Schelle","51.125422","4.340258","Belgium"
"BEFCA","PassengerStop","Callenelle","50.527192","3.526182","Belgium"
"BEFCB","Station","Schellebelle","51.003153","3.921372","Belgium"
"BEFCF","PassengerStop","Chaudfontaine","50.586944","5.644167","Belgium"
"BEFCH","SmallStation","Chênée","50.608327","5.61484","Belgium"
"BEFCL","Station","Châtelet","50.410152","4.5214","Belgium"
"BEFCLC","SmallStation","Châtelet-Faisceau C","50.419421","4.534882","Belgium"
"BEFCLCW","TrainTechnicalServices","Châtelet-Carwash","50.415635","4.527471","Belgium"
"BEFCLF","SmallStation","Châtelet-Formation","50.419556","4.530827","Belgium"
"BEFCLGE","Switch","Châtelet-Gril Est","50.417393","4.530082","Belgium"
"BEFCLGO","Switch","Châtelet-Gril Ouest","50.407471","4.516345","Belgium"
"BEFCLGS","TrainTechnicalServices","Châtelet-Gasoil","50.411517","4.522054","Belgium"
"BEFCR","Station","Charleroi-Central","50.404393","4.438504","Belgium"
"BEFCRA","SmallStation","Charleroi-Faisceau A","50.406172","4.429839","Belgium"
"BEFCRDP","Switch","Charleroi-Dry Port","50.399478","4.494877","Belgium"
"BEFCRO","Station","Charleroi-Ouest","50.409741","4.435644","Belgium"
"BEFCS","SmallStation","Ecaussinnes","50.5621","4.156094","Belgium"
"BEFCV","Station","Antwerpen-Berchem","51.198914","4.4332","Belgium"
"BEFCVGH","SmallStation","Groenenhoek-Wijkbundel","51.195308","4.436944","Belgium"
"BEFCZ","PassengerStop","Marche-lez-Ecaussinnes","50.545931","4.176558","Belgium"
"BEFD","Station","Deinze","50.97824","3.53494","Belgium"
"BEFDD","Station","Denderleeuw","50.891925","4.071828","Belgium"
"BEFDEL","PassengerStop","Delta | Delta","50.819281","4.403972","Belgium"
"BEFDF","PassengerStop","Duffel","51.091633","4.492194","Belgium"
"BEFDG","PassengerStop","Diegem","50.890481","4.441931","Belgium"
"BEFDI","PassengerStop","Godarville","50.4928","4.290314","Belgium"
"BEFDK","Station","De Panne","51.077288","2.602397","Belgium"
"BEFDKDS","Switch","De Panne-Doodspoor","51.076601","2.576086","Belgium"
"BEFDM","PassengerStop","Oudegem","51.014903","4.062361","Belgium"
"BEFDN","Station","Oudenaarde","50.850558","3.600803","Belgium"
"BEFDO","PassengerStop","Drongen","51.0474","3.653483","Belgium"
"BEFDR","Station","Dendermonde","51.022775","4.101431","Belgium"
"BEFDT","Station","Diest","50.993342","5.050025","Belgium"
"BEFDWS","SmallStation","Deinze-Wijksporen","50.97924","3.54056","Belgium"
"BEFEB","PassengerStop","Bellem","51.083908","3.487367","Belgium"
"BEFED","PassengerStop","Schendelbeke","50.797818","3.899159","Belgium"
"BEFEI","PassengerStop","Eine","50.871008","3.623697","Belgium"
"BEFEK","PassengerStop","Lebbeke","51.004606","4.134544","Belgium"
"BEFEM","PassengerStop","Veltem","50.900519","4.633522","Belgium"
"BEFEO","SmallStation","Ronet","50.457735","4.828415","Belgium"
"BEFEOCL","TrainTechnicalServices","Ronet-C.L.I.","50.454351","4.831716","Belgium"
"BEFEOF","Station","Ronet-Formation","50.454759","4.822342","Belgium"
"BEFEOGR","Switch","Ronet-Gril R","50.45896","4.830374","Belgium"
"BEFEOPE","TrainTechnicalServices","Ronet-P.E.","50.452732","4.823652","Belgium"
"BEFEQ","SmallStation","Clabecq","50.694783","4.213796","Belgium"
"BEFEQM","SmallStation","Clabecq-Marchandises","50.676242","4.221411","Belgium"
"BEFES","Station","Essen","51.462736","4.451106","Belgium"
"BEFET","PassengerStop","Herent","50.903528","4.672189","Belgium"
"BEFEV","PassengerStop","Mévergnies-Attre","50.600333","3.833003","Belgium"
"BEFFA","PassengerStop","Maffle","50.614031","3.800459","Belgium"
"BEFFC","PassengerStop","Farciennes","50.429148","4.55265","Belgium"
"BEFFM","PassengerStop","Familleureux","50.519364","4.211575","Belgium"
"BEFFV","PassengerStop","Neufvilles","50.543597","4.010669","Belgium"
"BEFFVG","SmallStation","Neufvilles-Garage","50.546079","4.01532","Belgium"
"BEFFW","SmallStation","Flawinne","50.456244","4.8063","Belgium"
"BEFGA","SmallStation","Gavere-Asper","50.930558","3.638958","Belgium"
"BEFGB","Switch","Jabbeke","51.200168","3.093295","Belgium"
"BEFGDM","Station","Gent-Dampoort","51.05665","3.740491","Belgium"
"BEFGE","PassengerStop","Balegem-Zuid","50.900803","3.805767","Belgium"
"BEFGED","PassengerStop","Balegem-Dorp","50.919953","3.7907","Belgium"
"BEFGH","Station","Saint-Ghislain","50.442625","3.820092","Belgium"
"BEFGM","PassengerStop","Galmaarden","50.743998","3.964938","Belgium"
"BEFGN","PassengerStop","Buggenhout","51.016228","4.200575","Belgium"
"BEFGND","Station","Gent-Noord","51.162726","3.819722","Belgium"
"BEFGO","PassengerStop","Sint-Genesius-Rode","50.748081","4.361492","Belgium"
"BEFGP","PassengerStop","Gouy-lez-Piéton","50.4957","4.325064","Belgium"
"BEFGRA","Station","Geraardsbergen","50.771025","3.871956","Belgium"
"BEFGRD","Station","Gent-Rodenhuize","51.116757","3.770203","Belgium"
"BEFGRDD","SmallStation","Gent-Rodenhuizedok","51.139159","3.784928","Belgium"
"BEFGS","SmallStation","Ghislenghien","50.658019","3.857336","Belgium"
"BEFGSP","Station","Gent-Sint-Pieters","51.035763","3.710232","Belgium"
"BEFGSPB","SmallStation","Gent-Sint-Pieters-Bundel B","51.040893","3.685177","Belgium"
"BEFGSPC","SmallStation","Gent-Sint-Pieters-Bundels","51.036773","3.704646","Belgium"
"BEFGU","SmallStation","Buizingen","50.751581","4.258561","Belgium"
"BEFGY","PassengerStop","Ligny","50.511514","4.565608","Belgium"
"BEFGZH","Station","Gent-Zeehaven","51.065981","3.742664","Belgium"
"BEFH","Station","Halle","50.7332","4.2395","Belgium"
"BEFHA","PassengerStop","Haaltert","50.907375","4.021797","Belgium"
"BEFHBV","SmallStation","Halle-Goederen","50.738879","4.244359","Belgium"
"BEFHF","PassengerStop","Hofstade","50.988661","4.498342","Belgium"
"BEFHI","PassengerStop","Heist","51.334008","3.240611","Belgium"
"BEFHK","PassengerStop","Hansbeke","51.072708","3.537447","Belgium"
"BEFHL","PassengerStop","Harelbeke","50.856308","3.314617","Belgium"
"BEFHO","PassengerStop","De Hoek","50.739181","4.370128","Belgium"
"BEFHRIN","Switch","Halle-Ring","50.729307","4.235449","Belgium"
"BEFHS","Station","Hasselt","50.931122","5.32618","Belgium"
"BEFHS35","TrainTechnicalServices","Hasselt-Aflos L.35/1","50.936926","5.303707","Belgium"
"BEFHSA","SmallStation","Hasselt-Afwisseling","50.93739","5.31186","Belgium"
"BEFHSE","SmallStation","Hasselt-Bundel E","50.936287","5.312734","Belgium"
"BEFHSL","TrainTechnicalServices","Hasselt-L.C.I.","50.935904","5.308778","Belgium"
"BEFHSW","TrainTechnicalServices","Hasselt-T.W.","50.936768","5.306687","Belgium"
"BEFHT","Station","Herentals","51.181","4.828608","Belgium"
"BEFHV","SmallStation","Havinnes","50.614789","3.46076","Belgium"
"BEFHZ","PassengerStop","Herzele","50.897203","3.879358","Belgium"
"BEFI","SmallStation","Ieper","50.8474","2.876589","Belgium"
"BEFIA","PassengerStop","Maria-Aalter","51.107608","3.386725","Belgium"
"BEFIC","PassengerStop","Eichem","50.823878","3.993659","Belgium"
"BEFID","PassengerStop","Idegem","50.801704","3.921411","Belgium"
"BEFIE","PassengerStop","Bilzen","50.86869","5.50918","Belgium"
"BEFIEWS","SmallStation","Bilzen-Wijkspoor","50.871645","5.509257","Belgium"
"BEFIH","SmallStation","Ghlin","50.487408","3.906342","Belgium"
"BEFIK","SmallStation","Diksmuide","51.033075","2.869156","Belgium"
"BEFIL","PassengerStop","Silly","50.663319","3.937144","Belgium"
"BEFIP","PassengerStop","Fraipont","50.565414","5.723475","Belgium"
"BEFIU","PassengerStop","Erbisoeul","50.507814","3.888717","Belgium"
"BEFIZ","PassengerStop","Muizen","51.008203","4.513839","Belgium"
"BEFIZG","Station","Muizen-Goederen","51.013446","4.505635","Belgium"
"BEFJE","PassengerStop","Nijlen","51.159717","4.664447","Belgium"
"BEFJL","PassengerStop","Juslenville","50.544514","5.810194","Belgium"
"BEFJM","SmallStation","Jemappes","50.452289","3.885189","Belgium"
"BEFJR","Station","Jurbise","50.530503","3.910686","Belgium"
"BEFJS","PassengerStop","Jemeppe-sur-Sambre","50.450949","4.662626","Belgium"
"BEFJSMA","Station","Jemeppe-sur-Sambre-Marchandise","50.44791","4.65788","Belgium"
"BEFJT","Station","Jette | Jette","50.88091","4.328463","Belgium"
"BEFJU","PassengerStop","Jemeppe-sur-Meuse","50.61843","5.49779","Belgium"
"BEFKB","PassengerStop","Dilbeek","50.866731","4.243389","Belgium"
"BEFKE","PassengerStop","Eke-Nazareth","50.961558","3.627192","Belgium"
"BEFKG","Station","Genk","50.967056","5.49803","Belgium"
"BEFKGG","Station","Genk-Goederen","50.992794","5.468872","Belgium"
"BEFKGGM","Switch","Genk-Goederen-Museumlijn","51.00025","5.477457","Belgium"
"BEFKGL2","Switch","Genk-Zuid-L.O.-L232","50.934889","5.47798","Belgium"
"BEFKGLF","SmallStation","Genk-Zuid-L.O.-Ford","50.92339","5.49758","Belgium"
"BEFKGR0","Switch","Genk-Zuid-R.O.-L230","50.937864","5.500859","Belgium"
"BEFKGR1","Switch","Genk-Zuid-R.O.-L231","50.938472","5.478097","Belgium"
"BEFKGRA","Switch","Genk-Zuid-R.O.-Aperam","50.92884","5.513197","Belgium"
"BEFKGRC","Switch","Genk-Zuid-R.O.-Cronimet","50.916689","5.533685","Belgium"
"BEFKGRH","SmallStation","Genk-Zuid-R.O.-Haven","50.942434","5.489875","Belgium"
"BEFKGRS","Switch","Genk-Zuid-R.O.-SML","50.940856","5.496861","Belgium"
"BEFKI","Station","Kontich-Lint","51.13395","4.476673","Belgium"
"BEFKK","Station","Knokke","51.339608","3.284097","Belgium"
"BEFKLDN","Switch","Gent-Kluizendok-Noord","51.164","3.776104","Belgium"
"BEFKLDZ","Switch","Gent-Kluizendok-Zuid","51.15813","3.778554","Belgium"
"BEFKLO","Station","Eeklo","51.180567","3.575256","Belgium"
"BEFKO","PassengerStop","Okegem","50.857256","4.053542","Belgium"
"BEFKP","PassengerStop","Kapelle-op-den-Bos","51.010795","4.358819","Belgium"
"BEFKPZK","Switch","Kapelle-op-den-Bos-Zeekanaal","51.011062","4.36473","Belgium"
"BEFKR","PassengerStop","Merelbeke","51.020153","3.764963","Belgium"
"BEFKRCH","TrainTechnicalServices","Merelbeke-C.H.W.","51.01662","3.777771","Belgium"
"BEFKRCL","SmallStation","Merelbeke-Centraal","51.02283","3.76041","Belgium"
"BEFKRSW","TrainTechnicalServices","Merelbeke-Sas T.W.","51.019711","3.766437","Belgium"
"BEFKS","PassengerStop","Essene-Lombeek","50.882447","4.115169","Belgium"
"BEFKTH","SmallStation","Kalmthout","51.389744","4.466942","Belgium"
"BEFKV","PassengerStop","Viane-Moerbeke","50.751977","3.917042","Belgium"
"BEFKW","SmallStation","Opwijk","50.974503","4.187442","Belgium"
"BEFKY","PassengerStop","Bokrijk","50.955514","5.408728","Belgium"
"BEFL","Station","Liège-Guillemins","50.625482","5.565207","Belgium"
"BEFLB","Station","Lembeek","50.715108","4.221581","Belgium"
"BEFLC","Station","Lichtervelde","51.025281","3.126908","Belgium"
"BEFLD","Station","Landen","50.747925","5.079658","Belgium"
"BEFLDK","PassengerStop","Landskouter","50.970664","3.791227","Belgium"
"BEFLE","Station","Lede","50.970903","3.984975","Belgium"
"BEFLF","PassengerStop","Floreffe","50.443733","4.762781","Belgium"
"BEFLFSC","SmallStation","Liège-Guillemins-Faisceau","50.618839","5.574024","Belgium"
"BEFLGP","SmallStation","Liège-Saint-Lambert","50.64705","5.57255","Belgium"
"BEFLJ","PassengerStop","Liège-Carré","50.6403","5.561125","Belgium"
"BEFLK","Station","Lokeren","51.107103","3.985283","Belgium"
"BEFLKO","SmallStation","Lokeren-Oost","51.109812","3.991424","Belgium"
"BEFLM","SmallStation","Landegem","51.064645","3.575176","Belgium"
"BEFLMR","Switch","Landegem-Rooster G/H/L","51.068535","3.557268","Belgium"
"BEFLN","SmallStation","Lessines","50.712947","3.836492","Belgium"
"BEFLNC","Switch","Lessines-Carrières","50.695997","3.85463","Belgium"
"BEFLNCC","Switch","Lessines-Carrières-Cul de sac","50.690172","3.864636","Belgium"
"BEFLO","PassengerStop","Florée","50.357516","5.056275","Belgium"
"BEFLR","Station","Lier","51.136022","4.561579","Belgium"
"BEFLRCG","Switch","Lier-Rooster C/G","51.136079","4.558664","Belgium"
"BEFLRDE","Switch","Lier-Rooster D/E","51.135331","4.558353","Belgium"
"BEFLS","Station","Aalst","50.943053","4.038586","Belgium"
"BEFLSK","PassengerStop","Aalst-Kerrebroek","50.948316","4.024773","Belgium"
"BEFLSO","SmallStation","Aalst-Oost","50.936352","4.048932","Belgium"
"BEFLT","Station","Aalter","51.092258","3.447856","Belgium"
"BEFLU","Station","Luttre","50.505864","4.384119","Belgium"
"BEFLV","Station","Leuven","50.881356","4.716096","Belgium"
"BEFLVEB","Switch","Leuven-EBP sporen 471/472","50.876408","4.718671","Belgium"
"BEFLVF","SmallStation","Leuven-Bundel F","50.889966","4.713252","Belgium"
"BEFLVP","SmallStation","Leuven-Bundel P","50.877","4.718681","Belgium"
"BEFLVQ","SmallStation","Leuven-Bundel Q","50.876205","4.717963","Belgium"
"BEFLVV","SmallStation","Leuven-Bundel M","50.890501","4.715216","Belgium"
"BEFLW","PassengerStop","Lissewege","51.294741","3.194434","Belgium"
"BEFLZ","Station","Leuze","50.600576","3.61677","Belgium"
"BEFM","Station","Mechelen","51.01758","4.48313","Belgium"
"BEFMB","SmallStation","Boom","51.091006","4.360297","Belgium"
"BEFMC","Station","Mouscron","50.738372","3.225307","Belgium"
"BEFMCH","PassengerStop","Machelen","50.905973","4.420994","Belgium"
"BEFMD","PassengerStop","Malderen","51.014325","4.231403","Belgium"
"BEFMDST","Switch","Mechelen-Dijkstraat","51.0365","4.49087","Belgium"
"BEFME","Station","Menen","50.799492","3.113794","Belgium"
"BEFMHT","PassengerStop","Merchtem","50.953853","4.223492","Belgium"
"BEFMI","SmallStation","Marcinelle","50.407059","4.425036","Belgium"
"BEFML","PassengerStop","Melle","51.002814","3.797086","Belgium"
"BEFMLTW","TrainTechnicalServices","Melle-T.W.","51.01394","3.77939","Belgium"
"BEFMN","Station","Manage","50.506114","4.234678","Belgium"
"BEFMR","Station","Marchienne-au-Pont","50.412173","4.394223","Belgium"
"BEFMS","Station","Mons","50.45445","3.942303","Belgium"
"BEFMSA","SmallStation","Mons-Aviation","50.466069","3.948306","Belgium"
"BEFMT","PassengerStop","Moustier","50.452754","4.693809","Belgium"
"BEFMTG","SmallStation","Moustier-Garage","50.452257","4.676354","Belgium"
"BEFMU","SmallStation","Remicourt","50.678608","5.321406","Belgium"
"BEFMV","PassengerStop","Evergem","51.10749","3.701652","Belgium"
"BEFMVOD","Switch","Evergem-Overdam","51.094552","3.67771","Belgium"
"BEFMVSL","Switch","Evergem-Sluis","51.091493","3.681112","Belgium"
"BEFMW","TrainTechnicalServices","Mechelen-C.W.","51.016694","4.487538","Belgium"
"BEFN","Station","Antwerpen-Centraal","51.21686","4.421242","Belgium"
"BEFNCHW","TrainTechnicalServices","Antwerpen-Noord-Perron CHW","51.296918","4.356364","Belgium"
"BEFND10","Switch","Antwerpen-Noord-Blok 10","51.302792","4.346908","Belgium"
"BEFNDA1","SmallStation","Antwerpen-Noord-Bundel A1","51.293414","4.393632","Belgium"
"BEFNDA2","SmallStation","Antwerpen-Noord-Bundel A2","51.297992","4.375861","Belgium"
"BEFNDB1","SmallStation","Antwerpen-Noord-Bundel B1","51.300905","4.35431","Belgium"
"BEFNDB2","SmallStation","Antwerpen-Noord-Bundel B2","51.296743","4.372744","Belgium"
"BEFNDB3","Station","Antwerpen-Noord-Bundel B3","51.292624","4.391643","Belgium"
"BEFNDBV","SmallStation","Antwerpen-Noord-Bundel Bvrd","51.290627","4.385197","Belgium"
"BEFNDC1","Station","Antwerpen-Noord-Bundel C1","51.288856","4.390068","Belgium"
"BEFNDC2","SmallStation","Antwerpen-Noord-Bundel C2","51.293539","4.370563","Belgium"
"BEFNDC3","SmallStation","Antwerpen-Noord-Bundel C3","51.296602","4.356347","Belgium"
"BEFNDCH","TrainTechnicalServices","Antwerpen-Noord-C.H.W.","51.300362","4.35452","Belgium"
"BEFNDD","SmallStation","Antwerpen-Noord-Bundel D","51.288421","4.38972","Belgium"
"BEFNDG9","Switch","Antwerpen-Noord-Blok G9-H9","51.294727","4.361874","Belgium"
"BEFNDL9","Switch","Antwerpen-Noord-Blok L9","51.293955","4.382757","Belgium"
"BEFNDM","PassengerStop","Antwerpen-Dam","51.231782","4.426479","Belgium"
"BEFNDM9","Switch","Antwerpen-Noord-Blok M9-N9","51.29915","4.364083","Belgium"
"BEFNDMH","TrainTechnicalServices","Antwerpen-Noord-Perron MainHub","51.299185","4.3692","Belgium"
"BEFNDN","SmallStation","Antwerpen-Noord-Bundel N","51.289674","4.391738","Belgium"
"BEFNDPT","TrainTechnicalServices","Antwerpen-Noord-Perron T.C.T.","51.290107","4.386802","Belgium"
"BEFNDW","TrainTechnicalServices","Antwerpen-Noord-T.W.","51.291964","4.383839","Belgium"
"BEFNE","PassengerStop","Lens","50.559128","3.903279","Belgium"
"BEFNF","SmallStation","Franière","50.439544","4.733547","Belgium"
"BEFNFEF","Switch","Franière-Gril C/D","50.436526","4.743607","Belgium"
"BEFNG","Station","Enghien","50.697198","4.04725","Belgium"
"BEFNH","PassengerStop","Antwerpen-Haven","51.289104","4.389299","Belgium"
"BEFNKL","SmallStation","Antwerpen-Kiel","51.195125","4.367078","Belgium"
"BEFNM","PassengerStop","Ingelmunster","50.914758","3.254289","Belgium"
"BEFNN","SmallStation","Ninove","50.839504","4.026242","Belgium"
"BEFNNWS","SmallStation","Ninove-Wijkspoor","50.84088","4.0346","Belgium"
"BEFNO","SmallStation","Trois-Ponts","50.369264","5.872817","Belgium"
"BEFNR","Station","Namur","50.469156","4.862057","Belgium"
"BEFNRHB","SmallStation","Namur-Herbatte","50.4697","4.86922","Belgium"
"BEFNT","SmallStation","Antoing","50.569628","3.451308","Belgium"
"BEFNT11","Switch","Antwerpen-Noord-Toegang 11L/1","51.292728","4.393725","Belgium"
"BEFNTA1","Switch","Antwerpen-Noord-Toegang A1","51.288312","4.409735","Belgium"
"BEFNTA2","Switch","Antwerpen-Noord-Toegang A2","51.299922","4.362356","Belgium"
"BEFNU","PassengerStop","Nieuwkerken-Waas","51.185114","4.184414","Belgium"
"BEFNV","PassengerStop","Nessonvaux","50.572043","5.741708","Belgium"
"BEFNVT","Station","Nivelles","50.600536","4.334678","Belgium"
"BEFNW","PassengerStop","Wichelen","51.001903","3.974897","Belgium"
"BEFNWHV","SmallStation","Antwerpen-W.H.-B.Verrebroek","51.274978","4.20437","Belgium"
"BEFNWHZ","SmallStation","Antwerpen-W.H.-B.Zuid","51.250441","4.227542","Belgium"
"BEFNY","PassengerStop","Hennuyères","50.651008","4.175892","Belgium"
"BEFNYG","SmallStation","Hennuyères-Garage","50.647873","4.173639","Belgium"
"BEFNZ","PassengerStop","Sint-Denijs-Boekel","50.874303","3.698397","Belgium"
"BEFNZCH","TrainTechnicalServices","Antwerpen-Schijnpoort-Carwash","51.222878","4.443562","Belgium"
"BEFNZD","PassengerStop","Antwerpen-Zuid","51.197514","4.392258","Belgium"
"BEFNZGQ","Station","Antwerpen-Schijnpoort-Bundel Q","51.22221","4.445131","Belgium"
"BEFO","SmallStation","Forest-Midi | Vorst-Zuid","50.810158","4.310025","Belgium"
"BEFO926","SmallStation","Forest-Midi-Voies 920/926 | Vorst-Zuid-Sporen 920/926","50.810179","4.309963","Belgium"
"BEFOA","Switch","Oostakker","51.075355","3.763157","Belgium"
"BEFOB","PassengerStop","Boortmeerbeek","50.98185","4.573897","Belgium"
"BEFOCW","TrainTechnicalServices","Forest-Carwash | Vorst-Carwash","50.816342","4.314022","Belgium"
"BEFOE","PassengerStop","Hoboken-Polder","51.183414","4.348442","Belgium"
"BEFOI","SmallStation","Comines","50.77225","2.999117","Belgium"
"BEFOL","PassengerStop","Lillois","50.643742","4.363247","Belgium"
"BEFOND","Switch","Forest-Nord | Vorst-Noord","50.821527","4.31759","Belgium"
"BEFOO","PassengerStop","Gontrode","50.979844","3.801559","Belgium"
"BEFOST","PassengerStop","Forest-Est | Vorst-Oost","50.810204","4.320936","Belgium"
"BEFOVM","SmallStation","Forest-Faisceau M | Vorst-Bundel M","50.814062","4.313154","Belgium"
"BEFOVR","TrainTechnicalServices","Forest-Voitures | Vorst-Rijtuigen","50.816782","4.31392","Belgium"
"BEFOVRQ","TrainTechnicalServices","Forest-Voitures-Quai Service | Vorst-Rijtuigen-Dienstperron","50.817706","4.313464","Belgium"
"BEFOVTO","Switch","Forest-TGV-TO97XD | Vorst-HST-TO97XD","50.816256","4.31393","Belgium"
"BEFOW","PassengerStop","Bouwel","51.165844","4.747581","Belgium"
"BEFOY","PassengerStop","Hoeilaart","50.760158","4.467406","Belgium"
"BEFPC","PassengerStop","Pecrot","50.779208","4.651031","Belgium"
"BEFPD","PassengerStop","Pont-de-Seraing","50.619968","5.511328","Belgium"
"BEFPG","Switch","Leupegem-Seinen SL9-TL9","50.829135","3.609103","Belgium"
"BEFPH","PassengerStop","Eppegem","50.9584","4.457486","Belgium"
"BEFPL","PassengerStop","Péruwelz","50.513639","3.592061","Belgium"
"BEFPM","PassengerStop","Ville-Pommeroeul","50.464339","3.724189","Belgium"
"BEFPN","PassengerStop","Pont-à-Celles","50.5136","4.354139","Belgium"
"BEFPO","PassengerStop","Oostkamp","51.154108","3.257467","Belgium"
"BEFPP","Station","Poperinge","50.854421","2.736304","Belgium"
"BEFPS","Station","Pepinster","50.568814","5.808247","Belgium"
"BEFPSC","PassengerStop","Pepinster-Cité","50.563381","5.804611","Belgium"
"BEFPT","Station","De Pinte","50.99735","3.650883","Belgium"
"BEFQ","Station","Quiévrain","50.410514","3.686067","Belgium"
"BEFQN","SmallStation","Quenast","50.67297","4.172376","Belgium"
"BEFQR","SmallStation","Quaregnon","50.450039","3.855461","Belgium"
"BEFR","Station","Brugge","51.197225","3.216728","Belgium"
"BEFRA","PassengerStop","Baasrode-Zuid","51.019236","4.153992","Belgium"
"BEFRB","PassengerStop","Ruisbroek","50.791831","4.295328","Belgium"
"BEFRBB","SmallStation","Ruisbroek-Bundel","50.804828","4.30623","Belgium"
"BEFRBS","PassengerStop","Ruisbroek-Sauvegarde","51.08111","4.32698","Belgium"
"BEFRBZK","Switch","Ruisbroek-Zeekanaal","51.086294","4.353514","Belgium"
"BEFRC","SmallStation","Le Campinaire","50.423832","4.542787","Belgium"
"BEFRD","PassengerStop","Lierde","50.816822","3.825947","Belgium"
"BEFRE","PassengerStop","Herne","50.723701","4.014376","Belgium"
"BEFRH","PassengerStop","Harchies","50.481939","3.699","Belgium"
"BEFRL","Station","Roeselare","50.949358","3.130358","Belgium"
"BEFRMB","PassengerStop","Erembodegem","50.919302","4.055543","Belgium"
"BEFRN","Station","Ronse","50.742508","3.60255","Belgium"
"BEFRO","PassengerStop","Franchimont","50.525214","5.822594","Belgium"
"BEFRP","Station","Puurs","51.077219","4.283558","Belgium"
"BEFRPM","PassengerStop","Erpe-Mere","50.928603","3.962461","Belgium"
"BEFRSP","PassengerStop","Brugge-Sint-Pieters","51.222658","3.201742","Belgium"
"BEFRST","Station","Aarschot","50.984408","4.824036","Belgium"
"BEFRSTN","TrainTechnicalServices","Steenbrugge","51.180715","3.229337","Belgium"
"BEFRT","PassengerStop","Torhout","51.064708","3.105869","Belgium"
"BEFRU","Station","Burst","50.907103","3.920911","Belgium"
"BEFRV","SmallStation","Brugge-Bundels U/V","51.190517","3.222697","Belgium"
"BEFRVA","SmallStation","Brugge-Bundel A","51.190639","3.221792","Belgium"
"BEFRVB","SmallStation","Brugge-Bundel B","51.187692","3.223494","Belgium"
"BEFRX","Station","Roux","50.443114","4.393197","Belgium"
"BEFRZ","PassengerStop","Trooz","50.573337","5.688504","Belgium"
"BEFSA","Switch","Saintes","50.71066","4.15486","Belgium"
"BEFSB","SmallStation","Boussu","50.436239","3.79585","Belgium"
"BEFSD","Station","Oostende","51.227944","2.926633","Belgium"
"BEFSDA","SmallStation","Oostende-Bundel A","51.220634","2.93395","Belgium"
"BEFSDB","SmallStation","Oostende-Bundel B","51.217825","2.939293","Belgium"
"BEFSDM","SmallStation","Oostende-Zeehaven","51.213275","2.965688","Belgium"
"BEFSDP1","Switch","Oostende-Bundel Plassendale 1","51.216526","2.983569","Belgium"
"BEFSDPT","TrainTechnicalServices","Oostende-Perron T.O.P.","51.219747","2.935538","Belgium"
"BEFSDW","TrainTechnicalServices","Oostende-T.W.","51.216744","2.948699","Belgium"
"BEFSG","Station","Soignies","50.573447","4.069142","Belgium"
"BEFSI","PassengerStop","Sint-Gillis(Dendermonde)","51.021925","4.11715","Belgium"
"BEFSK","PassengerStop","Scheldewindeke","50.937803","3.777614","Belgium"
"BEFSMB","PassengerStop","Sint-Martens-Bodegem","50.867158","4.205081","Belgium"
"BEFSN","Station","Sint-Niklaas","51.17174","4.14315","Belgium"
"BEFSNO","SmallStation","Sint-Niklaas-Oost","51.176526","4.159844","Belgium"
"BEFSR","Station","Schaerbeek | Schaarbeek","50.878508","4.378644","Belgium"
"BEFSR14","SmallStation","Schaerbeek-Cul de sac 814 | Schaarbeek-Doodspoor 814","50.903371","4.413069","Belgium"
"BEFSR26","Switch","Schaerbeek-Acc.Formation-L26A | Schaarbeek-Toeg.Vorming-L26A","50.893715","4.402878","Belgium"
"BEFSRBV","SmallStation","Schaerbeek-Faisceau V | Schaarbeek-Bundel V","50.888701","4.404332","Belgium"
"BEFSRCH","TrainTechnicalServices","Schaerbeek-Carwash | Schaarbeek-Carwash","50.882711","4.392805","Belgium"
"BEFSRCP","TrainTechnicalServices","Schaerbeek-C.P.I. | Schaarbeek-P.C.I.","50.89908","4.418516","Belgium"
"BEFSRD","TrainTechnicalServices","Schaerbeek-P.E.D. | Schaarbeek-D.O.P.","50.889499","4.40875","Belgium"
"BEFSRG","SmallStation","Schaerbeek-Groupe G | Schaarbeek-Groep G","50.89763","4.409605","Belgium"
"BEFSRIR","Junction","Y.Entrée Groupe R | Y.Inrit Groep R","50.900311","4.409729","Belgium"
"BEFSRKC","SmallStation","Schaerbeek-Sas K/C | Schaarbeek-Sas K/C","50.898568","4.408922","Belgium"
"BEFSRL","SmallStation","Schaerbeek-Faisceau L | Schaarbeek-Bundel L","50.884348","4.401897","Belgium"
"BEFSRM","SmallStation","Schaerbeek-Faisceau M | Schaarbeek-Bundel M","50.880727","4.385455","Belgium"
"BEFSRNO","TrainTechnicalServices","Schaerbeek-NOS | Schaarbeek-NOS","50.882066","4.39215","Belgium"
"BEFSRP","SmallStation","Schaerbeek-Faisceau P | Schaarbeek-Bundel P","50.882893","4.393464","Belgium"
"BEFSRQC","TrainTechnicalServices","Schaerbeek-Quai C.P.I | Schaarbeek-Perron P.C.I.","50.90029","4.42061","Belgium"
"BEFSRR","SmallStation","Schaerbeek-Groupe R | Schaarbeek-Groep R","50.888951","4.408535","Belgium"
"BEFSRRG","Switch","Schaerbeek-Gril G | Schaarbeek-Rooster G","50.894071","4.410268","Belgium"
"BEFSRRN","Switch","Schaerbeek-Gril N | Schaarbeek-Rooster N","50.882108","4.391781","Belgium"
"BEFSRTU","TrainTechnicalServices","Schaerbeek-Base TucRail | Schaarbeek-Basis TucRail","50.884172","4.401865","Belgium"
"BEFSRV","Station","Schaerbeek-Formation | Schaarbeek-Vorming","50.889177","4.399141","Belgium"
"BEFSRWD","TrainTechnicalServices","Schaerbeek-A.T./D. | Schaarbeek-T.W./D.","50.883731","4.397866","Belgium"
"BEFSRWE","TrainTechnicalServices","Schaerbeek-A.T./E. | Schaarbeek-T.W./E.","50.893113","4.408332","Belgium"
"BEFSS","Station","Spa","50.490163","5.855831","Belgium"
"BEFSSG","Station","Spa-Géronstère","50.489296","5.866227","Belgium"
"BEFST","Station","Sint-Truiden","50.817617","5.17665","Belgium"
"BEFSU","SmallStation","Baulers","50.607405","4.343147","Belgium"
"BEFSUD","Switch","Baulers-Gril D","50.608641","4.347287","Belgium"
"BEFTB","PassengerStop","Kortenberg","50.893072","4.543297","Belgium"
"BEFTBG","SmallStation","Kortenberg-Goederen","50.89355","4.55209","Belgium"
"BEFTE","PassengerStop","Uccle-Calevoet | Ukkel-Kalevoet","50.792131","4.331383","Belgium"
"BEFTG","Station","Tongeren","50.784174","5.473935","Belgium"
"BEFTI","PassengerStop","Bierset-Awans","50.658614","5.46055","Belgium"
"BEFTK","PassengerStop","Kortemark","51.025358","3.043867","Belgium"
"BEFTL","SmallStation","Tielen","51.241017","4.893089","Belgium"
"BEFTM","Station","Tamines","50.432088","4.608861","Belgium"
"BEFTN","SmallStation","Ternat","50.874519","4.165342","Belgium"
"BEFTNN","Station","Tienen","50.808022","4.925814","Belgium"
"BEFTR","Station","Turnhout","51.32327","4.93819","Belgium"
"BEFTRB","SmallStation","Turnhout-Bundel","51.32828","4.94091","Belgium"
"BEFTS","SmallStation","Temse","51.125914","4.221817","Belgium"
"BEFTT","SmallStation","Tielt","50.990058","3.328611","Belgium"
"BEFTU","PassengerStop","Thulin","50.423789","3.745783","Belgium"
"BEFTX","SmallStation","Theux","50.536314","5.815186","Belgium"
"BEFTY","Station","Tournai","50.613125","3.396936","Belgium"
"BEFTZ","Station","Tubize","50.691708","4.205725","Belgium"
"BEFUC","PassengerStop","Cambron-Casteau","50.587131","3.874183","Belgium"
"BEFUGE","PassengerStop","Gentbrugge","51.038714","3.755975","Belgium"
"BEFUGW","TrainTechnicalServices","Gentbrugge-Perron C.W.","51.029567","3.752464","Belgium"
"BEFUS","PassengerStop","Uccle-Stalle | Ukkel-Stalle","50.802431","4.323539","Belgium"
"BEFVB","SmallStation","Beervelde","51.087184","3.879886","Belgium"
"BEFVE","PassengerStop","Vichte","50.833558","3.392842","Belgium"
"BEFVG","SmallStation","Waregem","50.892458","3.425514","Belgium"
"BEFVH","PassengerStop","Vijfhuizen","50.943327","3.982651","Belgium"
"BEFVI","Station","Vielsalm","50.278814","5.909","Belgium"
"BEFVIV","PassengerStop","Viville","49.688369","5.785497","Belgium"
"BEFVK","SmallStation","Vertrijk","50.8359","4.836591","Belgium"
"BEFVL","Station","Auvelais","50.44917","4.6307","Belgium"
"BEFVP","PassengerStop","Wespelaar-Tildonk","50.958297","4.637489","Belgium"
"BEFVR","Station","Waremme","50.694725","5.248986","Belgium"
"BEFVS","Station","Visé","50.740296","5.692835","Belgium"
"BEFVSH","SmallStation","Visé-Haut","50.743945","5.699119","Belgium"
"BEFVT","Station","Wetteren","51.001603","3.881881","Belgium"
"BEFVU","SmallStation","Veurne","51.073897","2.669742","Belgium"
"BEFVV","Station","Vilvoorde","50.92437","4.433117","Belgium"
"BEFVY","Station","Gouvy","50.189414","5.953908","Belgium"
"BEFW","Station","Watermael | Watermaal","50.809691","4.399692","Belgium"
"BEFWA","PassengerStop","Sint-Katelijne-Waver","51.070931","4.495481","Belgium"
"BEFWB","SmallStation","Willebroek","51.066474","4.355616","Belgium"
"BEFWBZK","Switch","Willebroek-Zeekanaal","51.065771","4.364904","Belgium"
"BEFWE","PassengerStop","Weerde","50.977411","4.470292","Belgium"
"BEFWG","PassengerStop","Wijgmaal","50.923017","4.700242","Belgium"
"BEFWI","PassengerStop","Neerwinden","50.763964","5.036322","Belgium"
"BEFWM","PassengerStop","Wevelgem","50.811017","3.182533","Belgium"
"BEFWO","Station","Wondelgem","51.088986","3.719596","Belgium"
"BEFWOB","SmallStation","Wondelgem-Bundel","51.085559","3.718855","Belgium"
"BEFWOW","Switch","Wondelgem-Wiedauwkaaibrug","51.073144","3.727117","Belgium"
"BEFWSTP","Switch","Willebroek - Bord Stop","51.068289","4.340565","Belgium"
"BEFWT","PassengerStop","Waterloo","50.715558","4.382925","Belgium"
"BEFWU","SmallStation","Lauwe","50.787792","3.202307","Belgium"
"BEFWULR","Switch","Lauwe-L.A.R.","50.780142","3.203975","Belgium"
"BEFXA","PassengerStop","Acren","50.732936","3.846683","Belgium"
"BEFXB","PassengerStop","Obaix-Buzet","50.535765","4.363632","Belgium"
"BEFXH","PassengerStop","Fexhe-le-Haut-Clocher","50.664364","5.397297","Belgium"
"BEFXR","PassengerStop","Rebaix","50.661058","3.793502","Belgium"
"BEFXS","PassengerStop","Herseaux","50.71425","3.244758","Belgium"
"BEFYG","PassengerStop","Yves-Gomezée","50.238039","4.490469","Belgium"
"BEFYP","PassengerStop","Masnuy-Saint-Pierre","50.536547","3.962139","Belgium"
"BEFZ","SmallStation","Zele","51.073103","4.041586","Belgium"
"BEFZA","PassengerStop","Zaventem","50.88572","4.469886","Belgium"
"BEFZAPQ","Switch","Zaventem-Rooster P/Q","50.886132","4.468056","Belgium"
"BEFZB","PassengerStop","Zandbergen","50.80715","3.956928","Belgium"
"BEFZE","SmallStation","Ezemaal","50.772131","4.994222","Belgium"
"BEFZG","SmallStation","Zingem","50.909158","3.645875","Belgium"
"BEFZI","PassengerStop","Zellik","50.889731","4.275583","Belgium"
"BEFZL","Station","Londerzeel","51.009519","4.296936","Belgium"
"BEFZM","PassengerStop","Moortsele","50.953053","3.78055","Belgium"
"BEFZNKN","SmallStation","Evergem-Bundel Zandeken","51.155928","3.748243","Belgium"
"BEFZT","Station","Zottegem","50.869103","3.814414","Belgium"
"BEFZY","PassengerStop","Mazy","50.513503","4.675825","Belgium"
"BEFZZ","Station","Zelzate","51.202692","3.799904","Belgium"
"BEGANT","SmallStation","Gantaufet-Zoning","49.659259","5.605513","Belgium"
"BEGAR","PassengerStop","Arcades | Arcaden","50.809678","4.398386","Belgium"
"BEGB","PassengerStop","Booischot","51.0375","4.772797","Belgium"
"BEGBB","PassengerStop","Beersel","50.766404","4.302274","Belgium"
"BEGBC","PassengerStop","Boechout","51.163828","4.494047","Belgium"
"BEGBD","PassengerStop","Begijnendijk","51.021972","4.800344","Belgium"
"BEGBG","Switch","Bassenge","50.756518","5.611938","Belgium"
"BEGBL","PassengerStop","Berlaar","51.113708","4.638258","Belgium"
"BEGBW","SmallStation","Balen-Werkplaatsen","51.204947","5.24595","Belgium"
"BEGCRA","TrainTechnicalServices","Charleroi-A.T.","50.400574","4.458827","Belgium"
"BEGDI","PassengerStop","Vivier d'Oie | Diesdelle","50.79617","4.373889","Belgium"
"BEGDL","PassengerStop","Dolhain-Gileppe","50.626925","5.938689","Belgium"
"BEGDP","PassengerStop","Diepenbeek","50.911414","5.416061","Belgium"
"BEGEV","PassengerStop","Evere | Evere","50.868281","4.4012","Belgium"
"BEGFL","PassengerStop","Florival","50.761503","4.653873","Belgium"
"BEGFLPL","Switch","Liège-Plans","50.62818","5.563347","Belgium"
"BEGFM","Switch","Sint-Martens-Voeren","50.746929","5.816503","Belgium"
"BEGFY","Station","Froyennes","50.629856","3.355508","Belgium"
"BEGG","PassengerStop","Gastuche","50.736647","4.649597","Belgium"
"BEGGDOK","SmallStation","Gent-Zeehaven-Groot Dok","51.08236","3.733661","Belgium"
"BEGHA","SmallStation","Hamont","51.246101","5.54191","Belgium"
"BEGHE","PassengerStop","Heverlee","50.862442","4.694414","Belgium"
"BEGHEKL","Switch","Heverlee-Rooster K/L","50.862929","4.701852","Belgium"
"BEGHO","Station","Heist-op-den-Berg","51.073517","4.709361","Belgium"
"BEGHR","PassengerStop","Hever","50.996904","4.539585","Belgium"
"BEGHT","PassengerStop","Haren | Haren","50.889231","4.419825","Belgium"
"BEGHZ","PassengerStop","Haren-Sud | Haren-Zuid","50.889567","4.415109","Belgium"
"BEGIR","PassengerStop","Iddergem","50.876855","4.068503","Belgium"
"BEGJ","SmallStation","Jamioulx","50.353039","4.410997","Belgium"
"BEGKA","PassengerStop","Kwatrecht","50.991464","3.833333","Belgium"
"BEGKT","PassengerStop","Kijkuit","51.379236","4.467533","Belgium"
"BEGKW","PassengerStop","Kiewit","50.954364","5.350553","Belgium"
"BEGKWI","Switch","Kiewit Inrit","50.953458","5.342436","Belgium"
"BEGLI","Station","La Louvière-Gare Industrielle","50.486055","4.193565","Belgium"
"BEGLK","SmallStation","Lanaken","50.88352","5.66015","Belgium"
"BEGLM","PassengerStop","Limal","50.692144","4.575297","Belgium"
"BEGLR","SmallStation","La Roche(Brabant)","50.610336","4.539158","Belgium"
"BEGMJ","PassengerStop","Germoir | Mouterij","50.831014","4.378612","Belgium"
"BEGMN","Station","Montzen","50.724724","5.938094","Belgium"
"BEGMNE","SmallStation","Montzen-Est","50.718522","5.956344","Belgium"
"BEGMNGM","Switch","Montzen-Gril M","50.728743","5.926989","Belgium"
"BEGMNGN","Switch","Montzen-Gril N","50.72141","5.95054","Belgium"
"BEGMNGQ","Switch","Montzen-Gril Q","50.717714","5.96328","Belgium"
"BEGMO","PassengerStop","Mortsel","51.182905","4.448823","Belgium"
"BEGMOD","PassengerStop","Mortsel-Deurnesteenweg","51.182331","4.447229","Belgium"
"BEGMOG","PassengerStop","Mortsel-Oude God","51.171914","4.455511","Belgium"
"BEGMOL","PassengerStop","Mortsel-Liersesteenweg","51.169536","4.469223","Belgium"
"BEGNS","SmallStation","Antwerpen-Oost","51.206616","4.434799","Belgium"
"BEGOL","SmallStation","Olen","51.17403","4.9025","Belgium"
"BEGON","SmallStation","Olne","50.56626","5.703018","Belgium"
"BEGOV","PassengerStop","Overpelt","51.21555","5.423126","Belgium"
"BEGPL","SmallStation","Philippeville","50.191639","4.535958","Belgium"
"BEGRLND","SmallStation","Antwerpen-D.S.-Groenland","51.257448","4.372282","Belgium"
"BEGRM","Switch","Remersdaal","50.740544","5.888832","Belgium"
"BEGSJ","SmallStation","Schaerbeek-Josaphat | Schaarbeek-Josaphat","50.86045","4.395175","Belgium"
"BEGSM","SmallStation","Sint-Mariaburg","51.292714","4.434961","Belgium"
"BEGSO","PassengerStop","Saint-Job | Sint-Job","50.79362","4.360403","Belgium"
"BEGSOL1","Switch","Entrée Racc.Moustier-Solvay 1","50.455323","4.670393","Belgium"
"BEGSU","PassengerStop","Schulen","50.96335","5.188078","Belgium"
"BEGSUS","SmallStation","Schulen-Sas","50.96406","5.18604","Belgium"
"BEGSW","SmallStation","Sint-Joris-Weert","50.8013","4.65195","Belgium"
"BEGTI","SmallStation","Tilly","50.556742","4.551353","Belgium"
"BEGTIG","SmallStation","Tilly-Garage","50.552947","4.550349","Belgium"
"BEGTT","SmallStation","Testelt","51.009864","4.945833","Belgium"
"BEGTX","PassengerStop","Tour et Taxis | Thurn en Taxis","50.871601","4.340781","Belgium"
"BEGV","Station","Verviers-Central","50.587821","5.854597","Belgium"
"BEGVH","PassengerStop","Oud-Heverlee","50.835928","4.653306","Belgium"
"BEGVO","PassengerStop","Verviers-Palais","50.590961","5.865262","Belgium"
"BEGVX","PassengerStop","Voroux","50.660752","5.431066","Belgium"
"BEGVXL","TrainTechnicalServices","Voroux-Base travaux LGV","50.659457","5.440918","Belgium"
"BEGWD","PassengerStop","Wildert","51.427614","4.463825","Belgium"
"BEGWK","Station","Welkenraedt","50.659464","5.974261","Belgium"
"BEGWV","SmallStation","Wavre","50.716272","4.604783","Belgium"
"BEGZC","PassengerStop","Zichem","51.006694","4.987358","Belgium"
"BEHAI","PassengerStop","Hainin","50.428042","3.766787","Belgium"
"BEHAYET","Switch","Hayettes","50.447638","4.219355","Belgium"
"BEHBS","PassengerStop","Hambos","50.944247","4.663011","Belgium"
"BEHIL","PassengerStop","Hillegem","50.891303","3.857472","Belgium"
"BEHMIVB","Switch","Racc.Haren-STIB | Verb.Haren-MIVB","50.887668","4.418918","Belgium"
"BEHOL","SmallStation","Holleken","50.767081","4.354914","Belgium"
"BEHUI","PassengerStop","Huizingen","50.75171","4.265581","Belgium"
"BEIJSLD","SmallStation","Antwerpen-D.S.-Ijsland","51.244268","4.366271","Belgium"
"BEKALIS","SmallStation","Antwerpen-W.H.-B.Kalishoek","51.284716","4.266391","Belgium"
"BEKIELD","Switch","Kieldrechtsluis","51.278911","4.247625","Belgium"
"BEKLHEI","Switch","Kloosterheide","51.132282","4.605757","Belgium"
"BEKONGO","SmallStation","Antwerpen-D.S.-Kongo","51.264512","4.366786","Belgium"
"BEKRHKJ","Switch","B.Krommenhoek-Uitrit J","51.297045","4.252618","Belgium"
"BEKROMM","SmallStation","Antwerpen-W.H.-B.Krommenhoek","51.291264","4.246151","Belgium"
"BEKRSCB","Switch","Kruisschansbrug","51.274659","4.332573","Belgium"
"BELAC","SmallStation","Marchin","50.495903","5.240435","Belgium"
"BELAS","SmallStation","Asse","50.906731","4.208422","Belgium"
"BELB","PassengerStop","Antwerpen-Luchtbal","51.243563","4.424953","Belgium"
"BELBC","SmallStation","Bascoup","50.463596","4.27585","Belgium"
"BELBG","SmallStation","Leopoldsburg","51.117314","5.257289","Belgium"
"BELBH","Station","Binche","50.408764","4.172453","Belgium"
"BELBM","SmallStation","Beernem","51.128008","3.329886","Belgium"
"BELBN","PassengerStop","Beringen","51.050613","5.23589","Belgium"
"BELBQ","SmallStation","Bracquegnies","50.474413","4.126332","Belgium"
"BELBV","PassengerStop","Barvaux","50.349541","5.502133","Belgium"
"BELBWB","SmallStation","Luchtbal-Wijkbundel","51.270998","4.43117","Belgium"
"BELBZ","PassengerStop","Berzée","50.285589","4.405942","Belgium"
"BELC","Station","Ciney","50.292022","5.090581","Belgium"
"BELCCM","SmallStation","Courcelles-Motte","50.462014","4.400528","Belgium"
"BELCL","SmallStation","Couillet","50.392727","4.469343","Belgium"
"BELCN","PassengerStop","Court-Saint-Etienne","50.645566","4.565819","Belgium"
"BELCS","Switch","Cuesmes","50.434627","3.934852","Belgium"
"BELCSA","TrainTechnicalServices","Cuesmes-A.C.","50.443385","3.934116","Belgium"
"BELCV","Station","Couvin","50.057871","4.492653","Belgium"
"BELDK","Switch","Verb.Deerlijk-Casier","50.834788","3.352041","Belgium"
"BELDS","PassengerStop","Lodelinsart","50.43245","4.462947","Belgium"
"BELEK","PassengerStop","Kessel","51.151056","4.618458","Belgium"
"BELEM","PassengerStop","Nossegem","50.883308","4.506108","Belgium"
"BELEMCD","Switch","Nossegem-Rooster C/D","50.88756","4.52038","Belgium"
"BELEZ","PassengerStop","Heizijde","50.988814","4.157117","Belgium"
"BELFA","SmallStation","Flémalle-Annexe","50.597411","5.473552","Belgium"
"BELFC","PassengerStop","Forchies","50.43305","4.323483","Belgium"
"BELFG","PassengerStop","Flémalle-Grande","50.605352","5.480983","Belgium"
"BELFH","Station","Flémalle-Haute","50.594591","5.456364","Belgium"
"BELFLCS","SmallStation","Feluy-Cul de Sac","50.538086","4.187673","Belgium"
"BELFLZ","SmallStation","Feluy-Zoning","50.543363","4.211111","Belgium"
"BELFLZB","SmallStation","Feluy-Zoning-Faisceau B","50.547717","4.209394","Belgium"
"BELFR","Station","Fleurus","50.481021","4.542909","Belgium"
"BELG","SmallStation","Geel","51.169244","4.989567","Belgium"
"BELGB","Station","Gembloux","50.571292","4.690778","Belgium"
"BELGBG","Station","Langerbrugge","51.119861","3.751229","Belgium"
"BELGCT","Switch","Geel-Containerterminal","51.135672","4.941852","Belgium"
"BELGD","PassengerStop","Langdorp","51.002469","4.863539","Belgium"
"BELGL","PassengerStop","Glons","50.750543","5.535468","Belgium"
"BELGR","PassengerStop","Ougrée","50.605396","5.536972","Belgium"
"BELGRFK","Switch","Ougrée-Gril F/K","50.606973","5.528139","Belgium"
"BELH","SmallStation","Ham","51.086021","5.136628","Belgium"
"BELHDSP","SmallStation","Ham-Doodspoor","51.07644","5.148943","Belgium"
"BELHF","PassengerStop","Haute-Flône","50.554331","5.331097","Belgium"
"BELHH","PassengerStop","Ham-sur-Heure","50.320539","4.405086","Belgium"
"BELHL","PassengerStop","Mollem","50.932808","4.21675","Belgium"
"BELHM","SmallStation","Hamoir","50.428342","5.53373","Belgium"
"BELHR","PassengerStop","Havré","50.470739","4.058311","Belgium"
"BELHS","Station","Herstal","50.6604","5.62235","Belgium"
"BELHY","Station","Statte","50.528283","5.219678","Belgium"
"BELIEFK","SmallStation","Antwerpen-W.H.-B.Liefkenshoek","51.280347","4.281664","Belgium"
"BELILLO","SmallStation","Antwerpen-D.S.-Lillo","51.292414","4.343581","Belgium"
"BELJ","Station","Rochefort-Jemelle","50.160442","5.266875","Belgium"
"BELJF","Station","Jemeppe-Froidmont","50.459127","4.669061","Belgium"
"BELK","Station","Kortrijk","50.824339","3.265676","Belgium"
"BELKD","Station","Liedekerke","50.882525","4.095286","Belgium"
"BELKL","SmallStation","Antwerpen-W.H.-B.Kallo","51.242766","4.273987","Belgium"
"BELKM","PassengerStop","Hemiksem","51.136393","4.338527","Belgium"
"BELKN","PassengerStop","Linkebeek","50.773331","4.339781","Belgium"
"BELKOP","TrainTechnicalServices","Kortrijk-T.O.P.","50.823824","3.260539","Belgium"
"BELKP","SmallStation","Kapellen","51.312886","4.432453","Belgium"
"BELKPWS","SmallStation","Kapellen-Wijkspoor","51.317232","4.434792","Belgium"
"BELKR","PassengerStop","Ekeren","51.277214","4.433047","Belgium"
"BELKRLN","Switch","Kortrijk-Ringlaan","50.80927","3.22726","Belgium"
"BELKV","Station","Kortrijk-Goederen","50.817224","3.246423","Belgium"
"BELL","Station","Arlon","49.679975","5.810614","Belgium"
"BELLB","PassengerStop","Belsele","51.150903","4.089164","Belgium"
"BELLE","PassengerStop","Villers-la-Ville","50.578028","4.533432","Belgium"
"BELLPED","TrainTechnicalServices","Arlon-P.E.D.","49.677805","5.817152","Belgium"
"BELLS","Switch","La Sambre","50.403688","4.408185","Belgium"
"BELLT","SmallStation","Blaton","50.505939","3.665675","Belgium"
"BELM","PassengerStop","Melsele","51.210714","4.288533","Belgium"
"BELMG","Station","Mariembourg","50.095489","4.525694","Belgium"
"BELMH","Station","Marbehan","49.727421","5.539753","Belgium"
"BELML","Station","Mol","51.190668","5.115016","Belgium"
"BELMZ","PassengerStop","Morlanwelz","50.458","4.247367","Belgium"
"BELNC","Station","Monceau-Formation","50.426278","4.391592","Belgium"
"BELNC16","Switch","Monceau-Block 16","50.44065","4.393388","Belgium"
"BELNCGF","Switch","Monceau-Gril F","50.432054","4.391516","Belgium"
"BELNCR","SmallStation","Monceau-Réception","50.43599","4.391656","Belgium"
"BELNE","PassengerStop","Balen","51.168314","5.16605","Belgium"
"BELNG","SmallStation","Neufchâteau","49.854233","5.452456","Belgium"
"BELNI","PassengerStop","Niel","51.110917","4.340583","Belgium"
"BELNK","SmallStation","Mechelen-Nekkerspoel","51.030012","4.489986","Belgium"
"BELNM","PassengerStop","Nimy","50.471812","3.956505","Belgium"
"BELNO","Station","Louvain-la-Neuve","50.670382","4.616925","Belgium"
"BELNP","Station","Neerpelt","51.222414","5.436692","Belgium"
"BELNS","PassengerStop","Carnières","50.4477","4.264386","Belgium"
"BELOB","PassengerStop","Bornem","51.098819","4.240431","Belgium"
"BELOK","PassengerStop","Tollembeek","50.735382","3.992833","Belgium"
"BELOL","PassengerStop","Lommel","51.211664","5.310547","Belgium"
"BELOT","SmallStation","Lot","50.765175","4.272426","Belgium"
"BELPF","PassengerStop","Profondsart","50.693761","4.54915","Belgium"
"BELPT","Station","Piéton","50.434964","4.288444","Belgium"
"BELQ","Station","Erquelinnes","50.304189","4.113564","Belgium"
"BELQB","PassengerStop","Erquelinnes-Village","50.309539","4.130281","Belgium"
"BELQV","Station","Quévy","50.341517","3.909245","Belgium"
"BELRB","Station","Libramont","49.920425","5.379272","Belgium"
"BELRG","PassengerStop","Obourg","50.46991","4.00672","Belgium"
"BELRGG","SmallStation","Obourg-Marchandises","50.47024","4.0164","Belgium"
"BELRS","PassengerStop","Frameries","50.405539","3.906314","Belgium"
"BELSD","PassengerStop","Sleidinge","51.126428","3.66776","Belgium"
"BELSL","Station","Liers","50.698464","5.566533","Belgium"
"BELSLF","SmallStation","Liers-Faisceau","50.699198","5.561665","Belgium"
"BELSN","SmallStation","Esneux","50.529628","5.572658","Belgium"
"BELSW","PassengerStop","Sinaai","51.143403","4.068942","Belgium"
"BELT","Station","Ottignies","50.671632","4.569615","Belgium"
"BELTD","SmallStation","Tessenderlo","51.064385","5.101486","Belgium"
"BELTI","Switch","Thimister-Clermont","50.637711","5.844115","Belgium"
"BELTM","PassengerStop","Milmort","50.693364","5.599325","Belgium"
"BELTR","SmallStation","Ottignies-Relais","50.68145","4.567028","Belgium"
"BELTT","TrainTechnicalServices","Tertre","50.468472","3.825229","Belgium"
"BELU","PassengerStop","Thieu","50.469539","4.098522","Belgium"
"BELUH","SmallStation","Cour-sur-Heure","50.300889","4.392258","Belgium"
"BELVL","PassengerStop","Leval","50.4308","4.211044","Belgium"
"BELVR","Station","La Louvière-Centre","50.477773","4.179965","Belgium"
"BELVRS","Station","La Louvière-Sud","50.465017","4.190115","Belgium"
"BELWC","SmallStation","Walcourt","50.258639","4.435336","Belgium"
"BELWE","PassengerStop","Welle","50.903375","4.050922","Belgium"
"BELWK","PassengerStop","Wervik","50.781861","3.046975","Belgium"
"BELWO","PassengerStop","Wolfstee","51.168887","4.789759","Belgium"
"BELWT","PassengerStop","Waarschoot","51.154608","3.615353","Belgium"
"BELWZ","PassengerStop","Wezemaal","50.956206","4.748314","Belgium"
"BELX","Station","Bruxelles-Luxembourg | Brussel-Luxemburg","50.83886","4.37382","Belgium"
"BELY","Station","Huy","50.527239","5.234206","Belgium"
"BELZD","PassengerStop","Zwijndrecht","51.214214","4.329161","Belgium"
"BELZDD","Switch","Zwijndrecht-Rooster D","51.214725","4.337897","Belgium"
"BELZE","Station","Zeebrugge-Dorp","51.326108","3.195697","Belgium"
"BELZEK","SmallStation","Zeebrugge-Zweedse Kaai","51.337954","3.207438","Belgium"
"BELZG","Station","Izegem","50.920958","3.21335","Belgium"
"BELZGSS","SmallStation","Izegem-Sas","50.92092","3.2197","Belgium"
"BELZH","PassengerStop","Zonhoven","50.9897","5.34877","Belgium"
"BELZHPU","Switch","Zonhoven-Rooster P/U","50.958702","5.337711","Belgium"
"BELZM","SmallStation","Zedelgem","51.12641","3.1634","Belgium"
"BELZMEG","Switch","Zedelgem-Rooster E/G","51.135976","3.172742","Belgium"
"BELZNID","SmallStation","Zeebrugge-Bundel N.I.D.","51.328273","3.21186","Belgium"
"BELZR","Station","Zeebrugge-Vorming","51.315423","3.188523","Belgium"
"BELZRDL","SmallStation","Zeebrugge-Bundel Dart-Line","51.345984","3.173135","Belgium"
"BELZRSR","SmallStation","Zeebrugge-Sea-Ro Terminal","51.332896","3.22858","Belgium"
"BELZS","SmallStation","Zeebrugge-Strand","51.324546","3.186668","Belgium"
"BELZVHW","SmallStation","Zeebrugge-Voorhaven-West","51.340567","3.175833","Belgium"
"BEMAB","PassengerStop","Aubange","49.563314","5.800052","Belgium"
"BEMABGE","Junction","Y.Mont-Saint-Martin","49.5548","5.8228","Belgium"
"BEMABZG","Switch","Aubange-Zoning","49.564795","5.777965","Belgium"
"BEMACHR","Switch","Machelen-Ring","50.903306","4.437298","Belgium"
"BEMAI","SmallStation","Aisemont","50.40438","4.62883","Belgium"
"BEMAN","PassengerStop","Leman","50.5995","5.467","Belgium"
"BEMAP","PassengerStop","Appelterre","50.81345","3.972025","Belgium"
"BEMAS","PassengerStop","Assesse","50.36829","5.022568","Belgium"
"BEMAU","PassengerStop","Maubray","50.546947","3.495487","Belgium"
"BEMBG","SmallStation","Beauraing","50.113836","4.957029","Belgium"
"BEMBL","PassengerStop","Blanmont","50.619447","4.636386","Belgium"
"BEMBM","SmallStation","Bomal","50.37691","5.519342","Belgium"
"BEMBR","PassengerStop","Boitsfort | Bosvoorde","50.794458","4.407986","Belgium"
"BEMBRBT","Switch","Braibant","50.306559","5.077856","Belgium"
"BEMBS","SmallStation","Bois d'Ausse","50.401333","4.986277","Belgium"
"BEMBV","PassengerStop","Beverlo","51.088643","5.234551","Belgium"
"BEMBX","Station","Bertrix","49.852199","5.267703","Belgium"
"BEMBZ","PassengerStop","Beuzet","50.532914","4.750092","Belgium"
"BEMC","PassengerStop","Chastre","50.607464","4.649833","Belgium"
"BEMCH","PassengerStop","Marche-en-Famenne","50.222472","5.346294","Belgium"
"BEMCL","PassengerStop","Carlsbourg","49.903539","5.097419","Belgium"
"BEMCM","PassengerStop","Céroux-Mousty","50.659325","4.568547","Belgium"
"BEMCR","SmallStation","Croix-Rouge","49.628029","5.564343","Belgium"
"BEMCT","PassengerStop","Comblain-la-Tour","50.45663","5.567193","Belgium"
"BEMD","PassengerStop","Saint-Denis-Bovesse","50.521297","4.767792","Belgium"
"BEMDL","PassengerStop","Groenendaal","50.76614","4.44935","Belgium"
"BEMDT","PassengerStop","Dave-Saint-Martin","50.429042","4.884233","Belgium"
"BEMEE","PassengerStop","Ede","50.911203","3.987761","Belgium"
"BEMEI","PassengerStop","Meiser | Meiser","50.854558","4.394025","Belgium"
"BEMER","PassengerStop","Mérode | Mérode","50.839881","4.399058","Belgium"
"BEMFL","SmallStation","Florenville","49.706969","5.331119","Belgium"
"BEMFR","PassengerStop","Forrières","50.133072","5.276572","Belgium"
"BEMFX","PassengerStop","Faux","50.621833","4.549264","Belgium"
"BEMG","PassengerStop","Gedinne","49.984133","4.977867","Belgium"
"BEMGA","PassengerStop","Groot-Bijgaarden","50.868231","4.27455","Belgium"
"BEMGD","PassengerStop","Graide","49.933789","5.043708","Belgium"
"BEMGMAR","SmallStation","Gedinne-Marchandises","49.98524","4.97844","Belgium"
"BEMGN","SmallStation","Gendron-Celles","50.210804","4.964598","Belgium"
"BEMGP","SmallStation","Grupont","50.090622","5.280228","Belgium"
"BEMGR","SmallStation","Angleur","50.61253","5.600949","Belgium"
"BEMGRL","TrainTechnicalServices","Angleur-C.L.I.","50.60788","5.605883","Belgium"
"BEMGV","Station","Genval","50.726408","4.513725","Belgium"
"BEMH","Station","Athus","49.56387","5.82909","Belgium"
"BEMHA","SmallStation","Athus-Faisceau A","49.56717","5.83118","Belgium"
"BEMHB","SmallStation","Habay","49.718619","5.632569","Belgium"
"BEMHD","PassengerStop","Heusden","51.038314","5.280683","Belgium"
"BEMHECM","Switch","Meerhout-E.C.M.","51.098309","5.097771","Belgium"
"BEMHG","PassengerStop","Houraing","50.702879","3.835269","Belgium"
"BEMHLG","Switch","Athus-Longeau","49.57182","5.83267","Belgium"
"BEMHM","PassengerStop","Ham-sur-Sambre","50.452852","4.672923","Belgium"
"BEMHN","PassengerStop","Hony","50.540336","5.573494","Belgium"
"BEMHO","PassengerStop","Hove","51.154114","4.465469","Belgium"
"BEMHR","SmallStation","Hourpes","50.363689","4.308742","Belgium"
"BEMHT","SmallStation","Hatrival","49.989919","5.320424","Belgium"
"BEMHV","PassengerStop","Haversin","50.249672","5.194081","Belgium"
"BEMHVG","SmallStation","Haversin-Garage","50.2505","5.1931","Belgium"
"BEMHY","SmallStation","Houyet","50.190339","5.005861","Belgium"
"BEMHZ","SmallStation","Halanzy","49.555961","5.742228","Belgium"
"BEMID","PassengerStop","Heide","51.365344","4.461131","Belgium"
"BEMIM","PassengerStop","Bissegem","50.825844","3.224047","Belgium"
"BEMKM","PassengerStop","Stockem","49.690942","5.767986","Belgium"
"BEMKMND","Switch","Stockem-Nord","49.691065","5.76951","Belgium"
"BEMKMR","SmallStation","Stockem-Raccordements","49.691287","5.762351","Belgium"
"BEMKMSD","Switch","Stockem-Sud","49.690432","5.771996","Belgium"
"BEML","PassengerStop","La Hulpe","50.737958","4.497064","Belgium"
"BEMLG","PassengerStop","Leignon","50.267772","5.107781","Belgium"
"BEMLR","SmallStation","Melreux-Hotton","50.283672","5.440142","Belgium"
"BEMLV","Switch","Lavaux","49.793031","5.498799","Belgium"
"BEMLY","PassengerStop","Genly","50.390639","3.911636","Belgium"
"BEMLZ","PassengerStop","Lonzée","50.551939","4.720097","Belgium"
"BEMM","SmallStation","Mont-Saint-Guibert","50.638214","4.612581","Belgium"
"BEMML","Station","Marloie","50.203115","5.31456","Belgium"
"BEMNG","PassengerStop","Ernage","50.592412","4.667119","Belgium"
"BEMNK","PassengerStop","Munkzwalm","50.875853","3.731544","Belgium"
"BEMNN","PassengerStop","Naninne","50.41961","4.92989","Belgium"
"BEMNS","SmallStation","Anseremme","50.238016","4.905525","Belgium"
"BEMNT","PassengerStop","Natoye","50.343358","5.0612","Belgium"
"BEMO","PassengerStop","Momalle","50.669911","5.367597","Belgium"
"BEMOE","PassengerStop","Moensberg | Moensberg","50.777909","4.32979","Belgium"
"BEMPL","SmallStation","Paliseul","49.894789","5.118997","Belgium"
"BEMPS","PassengerStop","Poulseur","50.508958","5.57819","Belgium"
"BEMPX","PassengerStop","Poix-Saint-Hubert","50.01946","5.292639","Belgium"
"BEMRN","PassengerStop","Rhisnes","50.499347","4.801872","Belgium"
"BEMRNS","SmallStation","Rhisnes-Sas","50.50068","4.799953","Belgium"
"BEMRP","PassengerStop","Erps-Kwerps","50.896506","4.584997","Belgium"
"BEMRR","PassengerStop","Courrière","50.389033","4.995121","Belgium"
"BEMRV","Station","Rivage","50.486532","5.585421","Belgium"
"BEMRVM","SmallStation","Rivage-Marchandises","50.490921","5.586827","Belgium"
"BEMRWRT","Switch","Mirwart","50.045762","5.266876","Belgium"
"BEMRX","PassengerStop","Rixensart","50.711414","4.532861","Belgium"
"BEMRY","PassengerStop","Méry","50.548233","5.586942","Belgium"
"BEMSG","Switch","Signeulx","49.55222","5.63861","Belgium"
"BEMSI","SmallStation","Monsin","50.657785","5.641834","Belgium"
"BEMSM","Station","Virton","49.560932","5.518441","Belgium"
"BEMSO","SmallStation","Stoumont","50.417207","5.769281","Belgium"
"BEMST","Switch","Straimont","49.79549","5.331174","Belgium"
"BEMTB","Station","Etterbeek | Etterbeek","50.821338","4.390477","Belgium"
"BEMTF","SmallStation","Tilff","50.570464","5.582514","Belgium"
"BEMTH","PassengerStop","Terhagen","50.902003","3.897361","Belgium"
"BEMUI","PassengerStop","Duinbergen","51.338108","3.26295","Belgium"
"BEMVO","Switch","Vonêche","50.065016","4.96711","Belgium"
"BEMWC","PassengerStop","Melkouwen","51.095064","4.671031","Belgium"
"BEMWL","Station","Aywaille","50.473014","5.672483","Belgium"
"BEMX","PassengerStop","Koksijde","51.078667","2.654107","Belgium"
"BEMY","PassengerStop","Messancy","49.594029","5.818269","Belgium"
"BEMZD","PassengerStop","Zolder","51.033383","5.33058","Belgium"
"BEMZDKS","SmallStation","Zolder-Kruissporen","51.034997","5.317852","Belgium"
"BENA","PassengerStop","Ampsin","50.539236","5.288855","Belgium"
"BENBE","PassengerStop","Bas-Oha","50.522625","5.190939","Belgium"
"BENDK","Station","Noorderkempen","51.358088","4.633977","Belgium"
"BENDN","Station","Andenne","50.496799","5.095972","Belgium"
"BENDT","Station","Dinant","50.260724","4.908179","Belgium"
"BENFV","PassengerStop","Fontaine-Valmont","50.320439","4.211775","Belgium"
"BENG","SmallStation","Engis","50.582964","5.401992","Belgium"
"BENGD","PassengerStop","Godinne","50.348908","4.869961","Belgium"
"BENGZ","Switch","Racc.Engis-Carmeuse","50.58011","5.410122","Belgium"
"BENH","SmallStation","Hermalle-sous-Huy","50.572051","5.379373","Belgium"
"BENJ","SmallStation","Jambes","50.454014","4.87536","Belgium"
"BENJE","PassengerStop","Jambes-Est","50.454804","4.880256","Belgium"
"BENJV","SmallStation","Java","50.513194","5.161461","Belgium"
"BENK","Station","Kinkempois-Formation","50.6088","5.579666","Belgium"
"BENK2","Switch","Kinkempois-Block 2","50.613405","5.582804","Belgium"
"BENKAO","TrainTechnicalServices","Kinkempois-A.T.(OLD)","50.609179","5.57488","Belgium"
"BENKGRF","Switch","Kinkempois-Gril F","50.606041","5.572654","Belgium"
"BENKREC","Station","Kinkempois-Réception","50.6049","5.566366","Belgium"
"BENKREL","TrainTechnicalServices","Kinkempois-Relais","50.606499","5.572315","Belgium"
"BENL","PassengerStop","Landelies","50.377314","4.350981","Belgium"
"BENLB","PassengerStop","Labuissière","50.316139","4.186581","Belgium"
"BENLS","SmallStation","Lobbes","50.346384","4.260988","Belgium"
"BENLSG","SmallStation","Lobbes-Garage","50.346765","4.257196","Belgium"
"BENLT","SmallStation","Lustin","50.369746","4.877468","Belgium"
"BENM","SmallStation","Amay","50.546006","5.320489","Belgium"
"BENMD","PassengerStop","Marche-les-Dames","50.480739","4.964581","Belgium"
"BENMDMA","SmallStation","Marche-les-Dames-Marchandises","50.48071","4.96724","Belgium"
"BENMH","SmallStation","Namêche","50.470381","4.998369","Belgium"
"BENRSTN","Switch","Aarschot-Rooster Noord","51.008341","4.824565","Belgium"
"BENS","SmallStation","Sclaigneaux","50.492204","5.026374","Belgium"
"BENSK","PassengerStop","Serskamp","50.984403","3.959356","Belgium"
"BENSN","PassengerStop","Sclessin","50.610396","5.556722","Belgium"
"BENSR","PassengerStop","Seraing","50.608804","5.512895","Belgium"
"BENSS","PassengerStop","Solre-sur-Sambre","50.312639","4.158431","Belgium"
"BENTH","PassengerStop","Thuin","50.342739","4.288914","Belgium"
"BENTL","SmallStation","Tilleur","50.619237","5.529533","Belgium"
"BENV","SmallStation","Yvoir","50.320839","4.878644","Belgium"
"BENZ","SmallStation","Marchienne-Zone","50.397166","4.389017","Belgium"
"BENZT","SmallStation","Antwerpen-DS-Noordzeeterminal","51.35628","4.262001","Belgium"
"BEOORDE","SmallStation","Antwerpen-D.S.-Oorderen","51.282976","4.364428","Belgium"
"BEOUDYK","SmallStation","Antwerpen-D.S.-Oudendijk","51.325912","4.28391","Belgium"
"BEPETRO","SmallStation","Antwerpen-D.S.-Petrol","51.262611","4.344368","Belgium"
"BEPLMCT","Switch","Plomcot","50.468407","4.882951","Belgium"
"BEPN63","Switch","Courbe de Soignies-PN 63","50.587505","4.121516","Belgium"
"BEPN78","Switch","Courbe de Jurbise-PN 78","50.53588","3.918238","Belgium"
"BEPRY","PassengerStop","Pry","50.268789","4.430361","Belgium"
"BERANDO","Switch","Anderlecht-Gril Est | Anderlecht-Rooster Oost","50.81771","4.297068","Belgium"
"BERANDW","Switch","Anderlecht-Gril Ouest | Anderlecht-Rooster West","50.818107","4.285686","Belgium"
"BERAPRM","Switch","Racc.Aperam","50.417047","4.538096","Belgium"
"BERBIER","Switch","Racc.Bierset-Zone Fret","50.65991","5.485127","Belgium"
"BERBKBS","Switch","Bakenbos","50.748296","4.485852","Belgium"
"BERBL9J","Switch","Antwerpen-Noord-Bl.9-Rooster J","51.291268","4.374525","Belgium"
"BERBLRO","Switch","Racc.Belle-Roche","50.479988","5.609518","Belgium"
"BERBPCH","Switch","Racc.BP Chemicals","50.557209","4.221319","Belgium"
"BERBURG","Switch","Racc.Burgo Ardennes","49.551141","5.503021","Belgium"
"BERBZKN","Switch","Evergem-Inrit Bundel Zandeken","51.151926","3.746395","Belgium"
"BERCARM","Switch","Racc.Andenne-Carmeuse","50.49712","5.078397","Belgium"
"BERCO","TrainTechnicalServices","Le Coucou-Base LGV","50.62603","3.847551","Belgium"
"BERDE9","Switch","Antwerpen-Nd-Bl.9-Rooster D/E","51.295573","4.385129","Belgium"
"BERDIST","Switch","Racc.Disteel","50.362991","4.533458","Belgium"
"BERDUMO","Switch","Racc.Dumont-Wauthier","50.56798","5.366446","Belgium"
"BEREG","PassengerStop","Hergenrath","50.709192","6.042953","Belgium"
"BERENO1","Switch","Renory 1","50.606452","5.550563","Belgium"
"BERENO2","Switch","Renory 2","50.607392","5.564461","Belgium"
"BEREP","Station","Eupen","50.635164","6.037114","Belgium"
"BERER","SmallStation","Raeren","50.666498","6.131058","Belgium"
"BEREUGL","Switch","Racc.Eurogal","50.584186","5.434907","Belgium"
"BERFBNF","Switch","Bruxelles-Nord-Gril F | Brussel-Noord-Rooster F","50.866083","4.364614","Belgium"
"BERFDEY","Switch","Racc.Fockedey","50.48115","3.78157","Belgium"
"BERFGKU","Switch","Genk-Goed.-Uitrit Hulpstatie","50.977308","5.470928","Belgium"
"BERFIZT","Switch","Muizen-Rooster T","51.006995","4.516573","Belgium"
"BERFKRS","Switch","Merelbeke-Rooster S","51.01756","3.76908","Belgium"
"BERFLSO","Switch","Aalst-Rooster Oost","50.933924","4.051213","Belgium"
"BERFNC1","Switch","Antwerpen-Noord-Inrit C1","51.287966","4.410056","Belgium"
"BERFRE","Switch","Brugge-Rooster E","51.184696","3.224916","Belgium"
"BERFROI","Switch","Froidmont","50.63993","5.597156","Belgium"
"BERFSDC","Switch","Oostende-Rooster C","51.211373","2.973733","Belgium"
"BERFSDG","Switch","Oostende-Rooster G","51.21663","2.94507","Belgium"
"BERFVS","Switch","Racc.Visé-CBR","50.743247","5.691153","Belgium"
"BERFWOB","Switch","Wondelgem-Inrit Bundel","51.083018","3.71784","Belgium"
"BERGE9","Switch","Antwerpen-Nd-Bl.9-Rooster G/E","51.299708","4.366278","Belgium"
"BERGR","Switch","Rogier | Rogier","50.858505","4.380117","Belgium"
"BERHD","Switch","Hoegaarden","50.765525","4.938137","Belgium"
"BERHKLC","Switch","Heike-Rooster K/L/C","51.020131","4.400847","Belgium"
"BERHODE","SmallStation","Antwerpen-D.S.-Rhodesië","51.268584","4.352269","Belgium"
"BERJEHO","Switch","Racc.Jéhonville-M.D.N.","49.869873","5.226563","Belgium"
"BERKGNF","Switch","Genk-Zuid-LO-Inrit Noord FORD","50.933296","5.491478","Belgium"
"BERKGZF","Switch","Genk-Zuid-LO-Inrit Zuid FORD","50.918885","5.499235","Belgium"
"BERKLIJ","Switch","Antwerpen-Kiel-Rooster I/J","51.200976","4.37257","Belgium"
"BERKLWU","Switch","Antwerpen-Kiel-Rooster W/U","51.188475","4.360675","Belgium"
"BERLBS","Switch","Luchtbal-Rooster S","51.264717","4.428829","Belgium"
"BERLFHC","Switch","Racc.Flémalle-Cockerill 3-4","50.607234","5.484802","Belgium"
"BERLZRF","Switch","Zeebrugge-Rooster F","51.299717","3.193007","Belgium"
"BERLZRG","Switch","Zeebrugge-Rooster G","51.311562","3.189982","Belgium"
"BERLZRH","Switch","Zeebrugge-Rooster H","51.323295","3.186908","Belgium"
"BERMARD","Switch","Racc.Marche-Défense Nationale","50.24333","5.388166","Belgium"
"BERMBF","Switch","Saint-Vincent-Bellefontaine","49.664414","5.438467","Belgium"
"BERMGMW","Switch","Racc.MGM-Winters","50.563504","5.36461","Belgium"
"BERMI","Switch","Beringen-Mijn","51.076814","5.231867","Belgium"
"BERML","Switch","Melsele-Rooster O/Q","51.20993","4.27673","Belgium"
"BERNITW","Switch","Antwerpen-Noord-Inrit T.W.","51.29056","4.391935","Belgium"
"BERNUB3","Switch","Antwerpen-Noord-Uitrit B3","51.290783","4.399577","Belgium"
"BERNUC1","Switch","Antwerpen-Noord-Uitrit C1","51.290845","4.38186","Belgium"
"BERNZV","Switch","Bruxelles-Midi-Gril JNM | Brussel-Zuid-Rooster NZV","50.83875","4.341146","Belgium"
"BERPAL","Switch","Racc.Palifor","50.565311","5.371904","Belgium"
"BERPET","Switch","Racc.Yves-Gomezée-Les Petons","50.232048","4.521739","Belgium"
"BERPOLY","Switch","Racc.Polyol","50.480978","3.789684","Belgium"
"BERPS","Switch","Pousset","50.703024","5.3045","Belgium"
"BERRBB","Switch","Ruisbroek-Bundel-Inrit | Ruisbroek-Bundel-Inrit","50.799208","4.301898","Belgium"
"BERSNBR","Switch","Gent-Rooster Snepbrug","51.039492","3.690864","Belgium"
"BERSOL1","Switch","Racc.Moustier-Solvay 1","50.453268","4.67004","Belgium"
"BERSOL2","Switch","Racc.Moustier-Solvay 2","50.454181","4.667482","Belgium"
"BERTS","Switch","Tourpes","50.56444","3.65217","Belgium"
"BERVPRA","Switch","Inrit Verb.Prayon-Rupel","51.081723","4.340664","Belgium"
"BERVRBK","Switch","Inrit Verb.Hemiksem-Verbeke","51.153908","4.343612","Belgium"
"BERYARA","Switch","Racc.Yara","50.476041","3.817437","Belgium"
"BESB","PassengerStop","Sart-Bernard","50.406617","4.948467","Belgium"
"BESEGAL","Switch","Racc.Ségal","50.584967","5.434759","Belgium"
"BESIFF","SmallStation","Gent-Zeehaven-Sifferdok","51.082445","3.753353","Belgium"
"BESIFFL","SmallStation","Gent-Zeehaven-Sifferdok L.O.","51.090543","3.748079","Belgium"
"BESIFFR","SmallStation","Gent-Zeehaven-Sifferdok R.O.","51.097229","3.752833","Belgium"
"BESIM","PassengerStop","Simonis | Simonis","50.866158","4.333879","Belgium"
"BESP059","Switch","Ligne 36/1-Voie 059 | Lijn 36/1-Spoor 059","50.89398","4.425473","Belgium"
"BESP165","Switch","Ligne 96-Bypass | Lijn 96-Bypass","50.828077","4.327014","Belgium"
"BESPVM","Junction","Y.Meulewijk","50.987442","3.8179","Belgium"
"BESTBKQ","Switch","Stabroek-Rooster Q","51.329092","4.349201","Belgium"
"BESTBKW","SmallStation","Stabroek-Sporen 027/028","51.367064","4.312089","Belgium"
"BESY","PassengerStop","Sy","50.403122","5.523094","Belgium"
"BET007","Switch","Lijn 208-Kruising lijn 211","51.266977","4.278574","Belgium"
"BET017","Switch","Lijn 204-Kruising lijn 58/2","51.072138","3.742907","Belgium"
"BETO34B","Switch","Lijn 220/1-Kruising lijn 221A","51.264812","4.383271","Belgium"
"BETOBL","Switch","Tunnel Overboelare","50.757332","3.880942","Belgium"
"BETOX88","Switch","Lijn 11/1-Kruising lijn 223(1)","51.305825","4.339985","Belgium"
"BEV3M","Switch","Verb.3M Belgium","51.236494","4.330221","Belgium"
"BEVACS","Switch","Verb.ACS","51.277387","4.336767","Belgium"
"BEVACS2","Switch","Verb.ACS2","51.280031","4.335794","Belgium"
"BEVADPO","Switch","Verb.ADPO","51.25343","4.256127","Belgium"
"BEVASHL","Switch","Verb.Ashland","51.291755","4.270124","Belgium"
"BEVAUTO","Switch","Verb.Hessenatie-Autotransport","50.772509","5.484994","Belgium"
"BEVBAYR","Switch","Verb.Bayer Rubber","51.243028","4.336314","Belgium"
"BEVBPCH","Switch","Verb.B.P. Chembel","51.120778","4.997814","Belgium"
"BEVCLST","Switch","Verb.Bedrijvencluster Puurs","51.086103","4.352958","Belgium"
"BEVDEBT","Switch","Verb.De Bonte","51.104223","5.068817","Belgium"
"BEVDL","Switch","Dolhain-Vicinal","50.616711","5.936977","Belgium"
"BEVEVKA","Switch","Verb.Evonik Degussa Antwerpen","51.305884","4.294962","Belgium"
"BEVEXCH","Switch","Verb.Exxon Chemicals","51.106109","5.058196","Belgium"
"BEVHALT","Switch","Verb.Halterman","51.291276","4.294477","Belgium"
"BEVHESS","Switch","Verb.H.Essers","50.856013","3.242812","Belgium"
"BEVIBR","Switch","Verb.IBR","51.335505","4.283473","Belgium"
"BEVITCR","Switch","Verb.ITC Rubis","51.291815","4.234265","Belgium"
"BEVIVAR","Switch","Verb.Ivarem","51.115736","5.016952","Belgium"
"BEVIVC","Switch","Verb.IVC","51.271602","4.383786","Belgium"
"BEVKBYR","Switch","Verb.Kanaaldok B1-Bayer","51.28598","4.32861","Belgium"
"BEVLANX","Switch","Verb.Lanxess","51.27208","4.302145","Belgium"
"BEVLLH","Switch","Verb.Liefkenshoek Logistic Hub","51.287079","4.284874","Belgium"
"BEVMEXN","Switch","Verb.Mexiconatie","51.237844","4.332431","Belgium"
"BEVMNST","Switch","Verb.Monsanto","51.309322","4.289293","Belgium"
"BEVMOER","Switch","Verb.Van Moer","51.249083","4.24679","Belgium"
"BEVNONA","Switch","Verb.Nova Natie","51.28117","4.272078","Belgium"
"BEVOIL1","Switch","Verb.Oiltanking 1","51.306684","4.293916","Belgium"
"BEVOIL2","Switch","Verb.Oiltanking 2","51.308302","4.290241","Belgium"
"BEVPRAY","Switch","Verb.Prayon-Rupel","51.087344","4.343565","Belgium"
"BEVSHPT","Switch","Verb.Shipit","51.279661","4.264379","Belgium"
"BEVSIBE","Switch","Verb.Sibelco","51.241364","5.243499","Belgium"
"BEVSOLV","Switch","Verb.Solvay","51.319665","4.287037","Belgium"
"BEVSTOR","Switch","Verb.Kallo Storage","51.270518","4.300232","Belgium"
"BEVSTOX","Switch","Verb.4STOX","51.303704","4.332777","Belgium"
"BEVTBKN","Switch","Verb.Tabaksnatie","51.2647","4.199507","Belgium"
"BEVTOLA","Switch","Verb.Total Olefins Antwerp","51.257833","4.332411","Belgium"
"BEVTOTL","Switch","Verb.Total","51.268627","4.328249","Belgium"
"BEVUMIC","Switch","Verb.Hoboken-Umicore","51.166851","4.341759","Belgium"
"BEVVRBK","Switch","Verb.Hemiksem-Verbeke","51.152368","4.342952","Belgium"
"BEVVTA","Switch","Verb.Vesta Terminal Antwerp","51.316613","4.287576","Belgium"
"BEWDT35","TrainTechnicalServices","Hasselt-Aflos L.35","50.936933","5.30283","Belgium"
"BEWILMA","SmallStation","Antwerpen-D.S.-Wilmarsdonk","51.274232","4.382367","Belgium"
"BEWSIB","SmallStation","Antwerpen-D.S.-West-Siberië","51.252759","4.399006","Belgium"
"BEY50","Junction","Y.Cinquantenaire | Y.Jubelpark","50.850669","4.395905","Belgium"
"BEYABLS","Junction","Y.Abeelstraat","51.004932","4.475968","Belgium"
"BEYAET","Junction","Y.Antwerp Euro Terminal","51.26169","4.200768","Belgium"
"BEYAGSS","Junction","Y.Aguesses","50.614492","5.591319","Belgium"
"BEYALBK","Junction","Y.Albertkanaal","51.17254","4.805724","Belgium"
"BEYALBR","Junction","Y.Pont Albert | Y.Albertbrug","50.881476","4.385988","Belgium"
"BEYALSK","Junction","Y.Alaska","51.250721","4.388072","Belgium"
"BEYAMRK","Junction","Y.Amerika","51.248706","4.387414","Belgium"
"BEYARBG","Junction","Y.Arenberg","51.291595","4.233238","Belgium"
"BEYARST","Junction","Y.Arendstraat","51.206117","4.426253","Belgium"
"BEYASLS","Junction","Y.Assels","51.04307","3.674","Belgium"
"BEYAUBG","Junction","Y.Aubange","49.55607","5.820453","Belgium"
"BEYAUBR","Junction","Y.Aubry","51.173458","4.477498","Belgium"
"BEYAVEN","Junction","Y.Aven Ackers","51.250208","4.204593","Belgium"
"BEYBCKS","Junction","Y.Bockstael | Y.Bockstael","50.881169","4.342701","Belgium"
"BEYBDHT","Junction","Y.Berendrecht","51.322161","4.349795","Belgium"
"BEYBDWK","Junction","Y.Boudewijnkanaal","51.274265","3.211143","Belgium"
"BEYBERN","Junction","Y.Berneau","50.742657","5.712007","Belgium"
"BEYBERW","Junction","Y.Berliwal","51.302289","4.339431","Belgium"
"BEYBETH","Junction","Y.Bethune","50.82234","3.25363","Belgium"
"BEYBGNT","Junction","Y.Borgnet","50.596855","5.469301","Belgium"
"BEYBGRD","Junction","Y.Beauregard","50.648921","3.902018","Belgium"
"BEYBHAI","Junction","Y.Bois-d'Haine","50.510601","4.220151","Belgium"
"BEYBKHE","Junction","Y.Boksbergheide","50.966701","5.46586","Belgium"
"BEYBNDL","Junction","Y.Boondael | Y.Boondaal","50.810724","4.399048","Belgium"
"BEYBNDS","Junction","Y.Bernadettestraat","51.07711","3.75123","Belgium"
"BEYBOMA","Junction","Y.Boma","51.059573","3.740343","Belgium"
"BEYBRCG","Junction","Y.Brucargo","50.909727","4.46146","Belgium"
"BEYBSDL","Junction","Y.Bosdel","50.952667","5.481011","Belgium"
"BEYBSTA","Junction","Y.Berchem-Stadion","51.192747","4.437943","Belgium"
"BEYBT","Junction","Y.Blauwe Toren","51.244294","3.207646","Belgium"
"BEYBYER","Junction","Y.Bayer","51.301254","4.308643","Belgium"
"BEYCRIQ","Junction","Y.Criquelion","50.447106","3.84078","Belgium"
"BEYDENB","Junction","Y.Den Beer","51.261027","4.271182","Belgium"
"BEYDLBR","Junction","Y.Dijlebrug","50.906322","4.70923","Belgium"
"BEYDRBS","Junction","Y.Drabstraat","51.179442","4.465441","Belgium"
"BEYDRHS","Junction","Y.Driehoekstraat","51.286403","4.425635","Belgium"
"BEYDUDZ","Junction","Y.Dudzele","51.262755","3.202606","Belgium"
"BEYDUFF","Junction","Y.Duffel","51.122772","4.482779","Belgium"
"BEYEINE","Junction","Y.Eine","50.855155","3.606333","Belgium"
"BEYEIV","Junction","Y.Eivoorde","51.28919","3.23464","Belgium"
"BEYEKDK","Junction","Y.Ekersedijk","51.28435","4.386636","Belgium"
"BEYESTN","Junction","Y.Noord Everstein","51.109124","3.730415","Belgium"
"BEYESTZ","Junction","Y.Zuid Everstein","51.098981","3.720733","Belgium"
"BEYFBKI","Junction","Y.Bruxelles-Petite-Ile | Y.Brussel-Klein-Eiland","50.818066","4.30861","Belgium"
"BEYFCS","Junction","Y.Ecaussinnes","50.584896","4.128142","Belgium"
"BEYFCVN","Junction","Y.Noord Berchem","51.201516","4.430263","Belgium"
"BEYFCVO","Junction","Y.Oost Berchem","51.201464","4.430311","Belgium"
"BEYFCVW","Junction","Y.West Berchem","51.196437","4.433627","Belgium"
"BEYFDG","Junction","Y.Diegem","50.891793","4.434542","Belgium"
"BEYFDT","Junction","Y.Diest","50.99145","5.06156","Belgium"
"BEYFEO","Junction","Y.Ronet","50.460117","4.830972","Belgium"
"BEYFET","Junction","Y.Herent","50.902656","4.661016","Belgium"
"BEYFFM","Junction","Y.Familleureux","50.514534","4.220279","Belgium"
"BEYFFW","Junction","Y.Flawinne","50.455249","4.812402","Belgium"
"BEYFHN","Junction","Y.Noord Halle","50.746711","4.253509","Belgium"
"BEYFHSN","Junction","Y.Noord Driehoek Hasselt","50.940238","5.311576","Belgium"
"BEYFHSW","Junction","Y.West Driehoek Hasselt","50.937984","5.29849","Belgium"
"BEYFIZ","Junction","Y.Muizen","51.021969","4.495259","Belgium"
"BEYFJR","Junction","Y.Jurbise","50.536512","3.939965","Belgium"
"BEYFLVM","Junction","Y.Leuven-Bundel M","50.895468","4.712534","Belgium"
"BEYFML","Junction","Y.Melle","51.001111","3.800091","Belgium"
"BEYFMLW","Junction","Y.Melle-West","51.006636","3.790668","Belgium"
"BEYFNE","Junction","Y.Lens","50.538841","3.913963","Belgium"
"BEYFNSO","Junction","Y.Farnese-Oost","51.267009","4.284759","Belgium"
"BEYFNSW","Junction","Y.Farnese-West","51.267066","4.278126","Belgium"
"BEYFNSZ","Junction","Y.Farnese-Zuid","51.264631","4.281303","Belgium"
"BEYFNT","Junction","Y.Antoing","50.558572","3.463596","Belgium"
"BEYFNZD","Junction","Y.Antwerpen-Zuid","51.195624","4.395212","Belgium"
"BEYFNZG","Junction","Y.Antwerpen-Schijnpoort","51.217149","4.445909","Belgium"
"BEYFORD","Junction","Y.Ford","51.264562","4.385624","Belgium"
"BEYFOST","Junction","Y.Forest-Est | Y.Vorst-Oost","50.824643","4.324662","Belgium"
"BEYFRDK","Junction","Y.Frederik","51.353544","4.280281","Belgium"
"BEYFRMN","Junction","Y.Farmanstraat","51.074619","3.744973","Belgium"
"BEYFSG","Junction","Y.Soignies","50.587199","4.114567","Belgium"
"BEYFSRC","Junction","Y.Schaerbeek-Carwash | Y.Schaarbeek-Carwash","50.8826","4.3919","Belgium"
"BEYFVSH","Junction","Y.Visé-Haut","50.744263","5.69448","Belgium"
"BEYFW","Junction","Y.Watermael | Y.Watermaal","50.814766","4.401555","Belgium"
"BEYFWE","Junction","Y.Weerde","50.976488","4.471237","Belgium"
"BEYFZA","Junction","Y.Zaventem","50.8843","4.4774","Belgium"
"BEYGADI","Junction","Y.Garde-Dieu","50.61929","5.586195","Belgium"
"BEYGHKN","Junction","Y.Noord Groenenhoek","51.196011","4.435267","Belgium"
"BEYGHKZ","Junction","Y.Zuid Groenenhoek","51.194493","4.438814","Belgium"
"BEYGHTN","Junction","Y.Haren-Nord | Y.Haren-Noord","50.90324","4.418365","Belgium"
"BEYGIST","Junction","Y.Gingelomstraat","50.758623","5.098661","Belgium"
"BEYGNS","Junction","Y.Antwerpen-Oost","51.205498","4.43182","Belgium"
"BEYGRPG","Junction","Y.Schaerbeek-Groupe G | Y.Schaarbeek-Groep G","50.88784","4.408917","Belgium"
"BEYGSLO","Junction","Y.Geslecht-Oost","51.287078","4.285861","Belgium"
"BEYGSLW","Junction","Y.Geslecht-West","51.287927","4.279867","Belgium"
"BEYGSLZ","Junction","Y.Geslecht-Zuid","51.284908","4.28299","Belgium"
"BEYGVX","Junction","Y.Voroux","50.65833","5.450808","Belgium"
"BEYHABR","Junction","Y.Hammerbrücke","50.70157","6.04783","Belgium"
"BEYHAHE","Junction","Y.Harenheide | Y.Harenheide","50.889994","4.420993","Belgium"
"BEYHAZP","Junction","Y.Hazop","51.25255","4.212299","Belgium"
"BEYHEIK","Junction","Y.Heike","51.013249","4.414662","Belgium"
"BEYHEVR","Junction","Y.Hever","50.998866","4.534939","Belgium"
"BEYHLBK","Junction","Y.Holsbeek","50.906734","4.718724","Belgium"
"BEYHLND","Junction","Y.Holland","51.228235","4.43371","Belgium"
"BEYHNDP","Junction","Y.Haandorp","51.254459","4.205296","Belgium"
"BEYHRNG","Junction","Y.Houraing","50.704231","3.835448","Belgium"
"BEYJSPH","Junction","Y.Josaphat | Y.Josaphat","50.871569","4.375167","Belgium"
"BEYKABK","Switch","Y.Kaatsbeek","50.930332","5.49311","Belgium"
"BEYKATS","Junction","Y.Kattestraat","51.216568","4.301856","Belgium"
"BEYKEBK","Junction","Y.Keelbeek | Y.Keelbeek","50.896141","4.424132","Belgium"
"BEYKHKO","Junction","Y.Kalishoek-Oost","51.288531","4.276686","Belgium"
"BEYKHKW","Junction","Y.Kalishoek-West","51.279699","4.262883","Belgium"
"BEYKOES","Junction","Y.Koestraat","51.248486","4.239006","Belgium"
"BEYKRBG","Junction","Y.Kruisberg","51.186865","4.836366","Belgium"
"BEYKRBN","Junction","Y.Krijgsbaan","51.180344","4.466672","Belgium"
"BEYKRHK","Junction","Y.Krommenhoek","51.287609","4.241965","Belgium"
"BEYKRIN","Junction","Y.Kruipin","51.251497","4.253412","Belgium"
"BEYKRSK","Junction","Y.Kruiske","51.292901","4.353414","Belgium"
"BEYKSTL","Junction","Y.Kastel","51.243795","4.383171","Belgium"
"BEYKTNO","Junction","Y.Ketenis-Oost","51.266997","4.279191","Belgium"
"BEYKTNW","Junction","Y.Ketenis-West","51.275285","4.279426","Belgium"
"BEYKTNZ","Junction","Y.Ketenis-Zuid","51.265507","4.275275","Belgium"
"BEYKUGM","Junction","Y.Cureghem | Y.Kuregem","50.831752","4.322944","Belgium"
"BEYLAKN","Junction","Y.Laeken | Y.Laken","50.878054","4.352954","Belgium"
"BEYLBGN","Junction","Y.Noord Driehoek Ledeberg","51.030708","3.754115","Belgium"
"BEYLBGO","Junction","Y.Oost Driehoek Ledeberg","51.025865","3.753794","Belgium"
"BEYLBGW","Junction","Y.West Driehoek Ledeberg","51.029682","3.74652","Belgium"
"BEYLCC","Junction","Y.Le Coucou","50.624574","3.841797","Belgium"
"BEYLEBR","Junction","Y.Leiebrug","50.825749","3.25279","Belgium"
"BEYLEM","Junction","Y.Nossegem","50.882339","4.489987","Belgium"
"BEYLEOP","Junction","Y.Leopold","51.265097","4.378049","Belgium"
"BEYLFC","Junction","Y.Forchies","50.433267","4.30965","Belgium"
"BEYLFL","Junction","Y.Feluy","50.53776","4.187778","Belgium"
"BEYLGL","Junction","Y.Glons","50.752319","5.533802","Belgium"
"BEYLHVN","Junction","Y.Luchthaven","50.88644","4.488333","Belgium"
"BEYLIBR","Junction","Y.Lillobrug","51.304017","4.311278","Belgium"
"BEYLINT","Junction","Y.Lint","51.128967","4.488104","Belgium"
"BEYLKBK","Junction","Y.Linkebeek | Y.Linkebeek","50.774255","4.338515","Belgium"
"BEYLKHL","Junction","Y.Linkebeek-Halle | Y.Linkebeek-Halle","50.784222","4.341397","Belgium"
"BEYLKW","Junction","Y.Kortrijk-West","50.8294","3.247974","Belgium"
"BEYLLS","Junction","Y.La Sambre","50.408597","4.403577","Belgium"
"BEYLMAN","Junction","Y.Leman","50.598698","5.465065","Belgium"
"BEYLNGC","Junction","Y.Longchamps","50.74651","5.707621","Belgium"
"BEYLNO","Junction","Y.Louvain-la-Neuve","50.652818","4.586499","Belgium"
"BEYLPAI","Junction","Y.La Paix","50.471496","4.161027","Belgium"
"BEYLSWG","Junction","Y.Liersesteenweg","51.171581","4.470298","Belgium"
"BEYLTR","Junction","Y.Ottignies-Relais","50.68472","4.570508","Belgium"
"BEYLUBL","Junction","Y.Luchtbal","51.253678","4.425577","Belgium"
"BEYLZDF","Junction","Y.Zwijndrecht-Fort","51.212591","4.310914","Belgium"
"BEYMAUB","Junction","Y.Maubray","50.554272","3.481853","Belgium"
"BEYMCHL","Junction","Y.Machelen","50.912095","4.422078","Belgium"
"BEYMCHN","Junction","Y.Machelen-Noord","50.91727","4.459891","Belgium"
"BEYMCHZ","Junction","Y.Machelen-Zuid","50.904684","4.441438","Belgium"
"BEYMHN","Junction","Y.Athus-Nord","49.555054","5.825265","Belgium"
"BEYMHS","Junction","Y.Athus-Sud","49.552698","5.824543","Belgium"
"BEYMLBK","Junction","Y.Molenbeek","50.865366","4.723726","Belgium"
"BEYMMNT","Junction","Y.Mariemont","50.461","4.213713","Belgium"
"BEYMSLE","Junction","Y.Melsele","51.211091","4.291728","Belgium"
"BEYMSTF","Junction","Y.Meestoof","51.28387","4.330399","Belgium"
"BEYMTB","Junction","Y.Etterbeek | Y.Etterbeek","50.817066","4.403006","Belgium"
"BEYMTL","Junction","Y.Autelbas","49.64285","5.842522","Belgium"
"BEYMTNT","Junction","Y.Martinet","50.414908","4.391683","Belgium"
"BEYMUBR","Junction","Y.Muisbroek","51.29007","4.378345","Belgium"
"BEYMUDE","Junction","Y.Muide","51.073378","3.737757","Belgium"
"BEYMX","Junction","Y.Koksijde","51.079915","2.643354","Belgium"
"BEYNDBL","Junction","Y.Nederboelare","50.78115","3.875001","Belgium"
"BEYNDRL","Junction","Y.Noorderlaan","51.267825","4.383026","Belgium"
"BEYNFFE","Junction","Y.Neffe","50.242472","4.916888","Belgium"
"BEYNLIL","Junction","Y.Noord Driehoek Lillo","51.300873","4.335967","Belgium"
"BEYNORD","Junction","Y.Nord","50.407404","4.415887","Belgium"
"BEYNWDK","Junction","Y.Nieuwdak","50.965638","5.475321","Belgium"
"BEYNZTH","Junction","Y.Nazareth","51.14372","4.58722","Belgium"
"BEYODDK","Junction","Y.Oudendijk","51.33891","4.284803","Belgium"
"BEYOLIL","Junction","Y.Oost Driehoek Lillo","51.301361","4.339073","Belgium"
"BEYORDM","Junction","Y.Ordam","51.288795","4.353472","Belgium"
"BEYORDR","Junction","Y.Oorderen","51.291762","4.361421","Belgium"
"BEYOTBK","Junction","Y.Otterbeek","51.054065","4.494083","Belgium"
"BEYOTWL","Junction","Y.Oosterweel","51.258268","4.389795","Belgium"
"BEYPABR","Junction","Y.Parkbrug","50.867214","4.716024","Belgium"
"BEYPAHS","Junction","Y.Pannenhuis | Y.Pannenhuis","50.876185","4.346412","Belgium"
"BEYPATD","Junction","Y.Patard","50.63101","3.858721","Belgium"
"BEYPEL","Junction","Y.Pelikaan","51.284764","3.230846","Belgium"
"BEYPLDK","Junction","Y.Polderdijk","51.249118","4.343058","Belgium"
"BEYPRHK","Junction","Y.Prinsenhoek","50.997921","4.521143","Belgium"
"BEYRBRS","Junction","Y.Rue de Bruel | Y.Bruulstraat","50.901799","4.413035","Belgium"
"BEYRENO","Junction","Y.Renory","50.604856","5.55788","Belgium"
"BEYRSTN","Junction","Y.Noord Driehoek Aarschot","50.999642","4.833175","Belgium"
"BEYRSTO","Junction","Y.Oost Driehoek Aarschot","50.999177","4.841248","Belgium"
"BEYRSTZ","Junction","Y.Zuid Driehoek Aarschot","50.994164","4.831267","Belgium"
"BEYRUBR","Junction","Y.Ruisbroek","50.799385","4.301491","Belgium"
"BEYRVRT","Junction","Y.Ringvaart","51.106","3.725","Belgium"
"BEYRWEG","Junction","Y.Rooierweg","50.878686","5.507311","Belgium"
"BEYSCHN","Junction","Y.Schijn","51.28775","4.413529","Belgium"
"BEYSKL","Junction","Y.Sint-Katherina-Lombeek","50.875797","4.125677","Belgium"
"BEYSKLW","Junction","Y.Sint-Katelijne-Waver","51.068787","4.495858","Belgium"
"BEYSLLY","Junction","Y.Silly","50.655141","3.917977","Belgium"
"BEYSLND","Junction","Y.Steenland","51.246739","4.253587","Belgium"
"BEYSMBR","Junction","Y.Sint-Mariaburg","51.290428","4.435236","Belgium"
"BEYSPFT","Junction","Y.Spaans Fort","51.280669","4.20957","Belgium"
"BEYSTBG","Junction","Y.Stuyvenberg","51.148406","3.27303","Belgium"
"BEYSTBK","Junction","Y.Stabroek","51.319408","4.349516","Belgium"
"BEYSTBR","Junction","Y.Straussbrug","51.326965","3.199722","Belgium"
"BEYSTLB","Junction","Y.Saint-Lambert","49.655075","5.550953","Belgium"
"BEYSTVA","Junction","Y.Saint-Vaast","50.469873","4.173487","Belgium"
"BEYTDST","Junction","Y.Ter Doest","51.284541","3.196968","Belgium"
"BEYTEMN","Junction","Y.Termien","50.948141","5.483415","Belgium"
"BEYTIVO","Junction","Y.Tivoli","50.872749","4.718544","Belgium"
"BEYVALB","Junction","Y.Val-Benoit","50.616862","5.58105","Belgium"
"BEYVBRK","Junction","Y.Verrebroek","51.270248","4.199599","Belgium"
"BEYVSLB","Junction","Y.Val-Saint-Lambert","50.597771","5.48514","Belgium"
"BEYWAHK","Junction","Y.Walenhoek","51.309346","4.341148","Belgium"
"BEYWILS","Junction","Y.Wilsele","50.901717","4.704643","Belgium"
"BEYWIMO","Junction","Y.Wittemolen","51.303341","4.305809","Belgium"
"BEYWLIL","Junction","Y.West Driehoek Lillo","51.298867","4.337826","Belgium"
"BEYWLLE","Junction","Y.Welle","50.904277","4.051084","Belgium"
"BEYWMBR","Junction","Y.Wilmarsdonkbrug","51.263281","4.383234","Belgium"
"BEYWPGM","Junction","Y.Wippelgem","51.14736","3.742458","Belgium"
"BEYZABG","Junction","Y.Zandberg","50.836378","3.292311","Belgium"
"BEYZEBR","Junction","Y.Pont-de-la-Senne | Y.Zennebrug","50.874421","4.363715","Belgium"
"BEYZONH","Junction","Y.Zonhoven","50.949737","5.328006","Belgium"
"BEZANDV","SmallStation","Antwerpen-D.S.-Zandvliet","51.334071","4.3293","Belgium"
"BEZUTDL","SmallStation","Zutendaal","50.915188","5.537509","Belgium"
"EU00007","BorderPoint","Montzen-Frontière","50.753375","6.021325","Belgium"
"EU00008","BorderPoint","Hergenrath-Frontière","50.718479","6.041337","Belgium"
"EU00083","BorderPoint","Esplechin-Frontière","50.5720246","3.2784511","Belgium"
"EU00084","BorderPoint","Mouscron-Frontière","50.7220695","3.1961674","Belgium"
"EU00085","BorderPoint","Blandain-Frontière","50.6174356","3.2636772","Belgium"
"EU00086","BorderPoint","Quévy-Frontière","50.3288424","3.9083749","Belgium"
"EU00087","BorderPoint","Erquelinnes-Frontière","50.3027051","4.1091807","Belgium"
"EU00088","BorderPoint","Aubange-Frontière-France","49.5474178","5.8128487","Belgium"
"EU00089","BorderPoint","Meer-Grens","51.485665","4.734452","Belgium"
"EU00090","BorderPoint","Essen-Grens","51.46913","4.448921","Belgium"
"EU00091","BorderPoint","Hamont-Grens","51.247263","5.555298","Belgium"
"EU00092","BorderPoint","Lanaken-Grens","50.880098","5.666877","Belgium"
"EU00093","BorderPoint","Visé-Frontière","50.758825","5.703065","Belgium"
"EU00094","BorderPoint","Zelzate-Grens","51.210866","3.79983","Belgium"
"EU00095","BorderPoint","Gouvy-Frontière","50.173","5.9653","Belgium"
"EU00096","BorderPoint","Sterpenich-Frontière","49.6437","5.9042","Belgium"
"EU00097","BorderPoint","Aubange-Frontière-Luxembourg","49.5518","5.825","Belgium"
"EU00098","BorderPoint","Athus-Frontière","49.5518","5.8106","Belgium"
